timestamp,open,high,low,close
1781568000000,1.39923,1.39925,1.39908,1.39912
1781568060000,1.39913,1.39913,1.39908,1.39913
1781568120000,1.39914,1.39914,1.39908,1.39912
1781568180000,1.39912,1.39923,1.39911,1.39921
1781568240000,1.39921,1.39921,1.39912,1.39912
1781568300000,1.39912,1.39919,1.39911,1.39911
1781568360000,1.39913,1.39923,1.39913,1.39916
1781568420000,1.39917,1.3992,1.39911,1.3992
1781568480000,1.39921,1.39923,1.39919,1.39921
1781568540000,1.3992,1.39921,1.39919,1.3992
1781568600000,1.39921,1.39928,1.39918,1.39927
1781568660000,1.39927,1.39936,1.39926,1.39932
1781568720000,1.39932,1.3994,1.39932,1.39937
1781568780000,1.39936,1.39937,1.39932,1.39932
1781568840000,1.39932,1.39938,1.39932,1.39936
1781568900000,1.39937,1.39942,1.39931,1.39933
1781568960000,1.39932,1.39935,1.39931,1.39931
1781569020000,1.39931,1.39938,1.3993,1.39932
1781569080000,1.39933,1.39939,1.39932,1.39936
1781569140000,1.39936,1.39939,1.39932,1.39932
1781569200000,1.39933,1.39933,1.39927,1.3993
1781569260000,1.39932,1.39937,1.39931,1.39937
1781569320000,1.39936,1.39938,1.39934,1.39937
1781569380000,1.39937,1.39938,1.39934,1.39936
1781569440000,1.39936,1.3994,1.39936,1.39937
1781569500000,1.39938,1.39943,1.39937,1.39942
1781569560000,1.39943,1.39946,1.39941,1.39941
1781569620000,1.39943,1.39953,1.39941,1.39951
1781569680000,1.39952,1.39952,1.39948,1.39951
1781569740000,1.39951,1.39952,1.39947,1.39951
1781569800000,1.39951,1.39952,1.39945,1.39947
1781569860000,1.39947,1.39949,1.39944,1.39946
1781569920000,1.39946,1.39947,1.39942,1.39946
1781569980000,1.39945,1.39948,1.39943,1.39947
1781570040000,1.39946,1.39947,1.39943,1.39945
1781570100000,1.39947,1.39949,1.39945,1.39945
1781570160000,1.39945,1.39948,1.39945,1.39946
1781570220000,1.39947,1.39947,1.39939,1.39945
1781570280000,1.39945,1.39946,1.39943,1.39945
1781570340000,1.39944,1.39945,1.39942,1.39944
1781570400000,1.39943,1.39943,1.39938,1.39938
1781570460000,1.39937,1.39938,1.3993,1.39932
1781570520000,1.39932,1.39933,1.3993,1.39932
1781570580000,1.39932,1.39932,1.39927,1.39931
1781570640000,1.3993,1.39931,1.39927,1.3993
1781570700000,1.39931,1.39932,1.39928,1.39931
1781570760000,1.39929,1.39932,1.39922,1.39925
1781570820000,1.39926,1.39928,1.3992,1.39921
1781570880000,1.3992,1.3993,1.3992,1.39929
1781570940000,1.39929,1.39935,1.39927,1.39935
1781571000000,1.39934,1.39941,1.39933,1.39937
1781571060000,1.39936,1.3994,1.39936,1.39939
1781571120000,1.39939,1.39941,1.39939,1.39939
1781571180000,1.39939,1.3994,1.3993,1.39935
1781571240000,1.39937,1.3994,1.3993,1.39931
1781571300000,1.3993,1.39932,1.39925,1.39929
1781571360000,1.39929,1.3993,1.39925,1.39926
1781571420000,1.39926,1.39931,1.39924,1.39926
1781571480000,1.39925,1.39926,1.39919,1.39919
1781571540000,1.39919,1.39919,1.39906,1.39909
1781571600000,1.39909,1.39916,1.39909,1.39915
1781571660000,1.39915,1.39918,1.39911,1.39911
1781571720000,1.39911,1.39914,1.3991,1.3991
1781571780000,1.3991,1.39911,1.39901,1.39904
1781571840000,1.39903,1.39903,1.39891,1.39894
1781571900000,1.39895,1.39907,1.39895,1.39902
1781571960000,1.39902,1.39912,1.39901,1.39912
1781572020000,1.39912,1.39914,1.39909,1.3991
1781572080000,1.39909,1.39912,1.39903,1.39911
1781572140000,1.3991,1.39913,1.39909,1.39913
1781572200000,1.39913,1.39913,1.39903,1.39911
1781572260000,1.3991,1.39921,1.3991,1.39921
1781572320000,1.39919,1.39936,1.39919,1.39933
1781572380000,1.39932,1.39947,1.39931,1.3994
1781572440000,1.39941,1.39941,1.3993,1.39931
1781572500000,1.39931,1.39939,1.3993,1.39936
1781572560000,1.39939,1.3995,1.39938,1.39946
1781572620000,1.39945,1.39945,1.3994,1.39941
1781572680000,1.39943,1.39947,1.39941,1.39945
1781572740000,1.39945,1.39946,1.39937,1.39938
1781572800000,1.39938,1.39938,1.3993,1.39931
1781572860000,1.39932,1.3994,1.39932,1.39933
1781572920000,1.39933,1.39935,1.3993,1.39932
1781572980000,1.39932,1.39935,1.39929,1.39929
1781573040000,1.3993,1.39944,1.39929,1.39942
1781573100000,1.39941,1.39943,1.39935,1.39938
1781573160000,1.39936,1.39939,1.3993,1.3993
1781573220000,1.3993,1.39931,1.39925,1.39927
1781573280000,1.39926,1.39931,1.39925,1.39926
1781573340000,1.39925,1.39935,1.39925,1.39935
1781573400000,1.39934,1.39934,1.39923,1.39923
1781573460000,1.39923,1.39927,1.39921,1.39921
1781573520000,1.39921,1.39928,1.3992,1.39927
1781573580000,1.39926,1.39937,1.39926,1.39937
1781573640000,1.39937,1.3994,1.3993,1.39934
1781573700000,1.39934,1.39944,1.39932,1.39941
1781573760000,1.39941,1.39946,1.39941,1.39942
1781573820000,1.39942,1.39944,1.39937,1.39939
1781573880000,1.39938,1.39941,1.39931,1.39936
1781573940000,1.39934,1.39942,1.39934,1.39942
1781574000000,1.39941,1.39945,1.39941,1.39944
1781574060000,1.39946,1.39947,1.3994,1.39942
1781574120000,1.39942,1.39949,1.39937,1.39942
1781574180000,1.3994,1.39942,1.39936,1.39939
1781574240000,1.39938,1.39944,1.39938,1.39943
1781574300000,1.39942,1.39942,1.39936,1.3994
1781574360000,1.3994,1.39941,1.39934,1.39934
1781574420000,1.39934,1.39934,1.39923,1.39923
1781574480000,1.39922,1.39925,1.39918,1.3992
1781574540000,1.3992,1.39921,1.39919,1.39919
1781574600000,1.3992,1.39928,1.39919,1.39927
1781574660000,1.39929,1.39936,1.39929,1.39932
1781574720000,1.39931,1.39932,1.39927,1.39928
1781574780000,1.39928,1.39928,1.3992,1.3992
1781574840000,1.39921,1.39926,1.39921,1.39924
1781574900000,1.39925,1.3994,1.39925,1.39939
1781574960000,1.39937,1.39945,1.39936,1.39938
1781575020000,1.39938,1.39946,1.39938,1.39943
1781575080000,1.39943,1.39946,1.39943,1.39946
1781575140000,1.39946,1.39951,1.39946,1.39949
1781575200000,1.39949,1.3996,1.39949,1.39956
1781575260000,1.39956,1.39961,1.39954,1.39959
1781575320000,1.39959,1.39963,1.39954,1.39963
1781575380000,1.39963,1.39968,1.39959,1.39965
1781575440000,1.39965,1.39969,1.39963,1.39968
1781575500000,1.39968,1.39976,1.39968,1.39972
1781575560000,1.39972,1.39974,1.3997,1.39971
1781575620000,1.39971,1.39972,1.39966,1.3997
1781575680000,1.3997,1.39971,1.39962,1.39967
1781575740000,1.39965,1.39972,1.39965,1.3997
1781575800000,1.3997,1.39977,1.39968,1.39972
1781575860000,1.39973,1.39977,1.39973,1.39973
1781575920000,1.39974,1.39975,1.39971,1.39971
1781575980000,1.39968,1.39969,1.39964,1.39964
1781576040000,1.39964,1.39977,1.39964,1.39973
1781576100000,1.39974,1.39978,1.39973,1.39978
1781576160000,1.39977,1.39978,1.39972,1.39977
1781576220000,1.39978,1.3998,1.39974,1.39976
1781576280000,1.39978,1.39979,1.39978,1.39978
1781576340000,1.39979,1.39986,1.39976,1.39986
1781576400000,1.39986,1.39994,1.39986,1.39992
1781576460000,1.39992,1.39997,1.39987,1.39987
1781576520000,1.39987,1.39988,1.39986,1.39986
1781576580000,1.39987,1.39987,1.39981,1.39982
1781576640000,1.39981,1.39987,1.39979,1.39987
1781576700000,1.39985,1.39985,1.39978,1.39979
1781576760000,1.39978,1.39979,1.39976,1.39977
1781576820000,1.39976,1.39978,1.39966,1.39966
1781576880000,1.39966,1.39969,1.39966,1.39966
1781576940000,1.39966,1.39968,1.39966,1.39967
1781577000000,1.39967,1.39967,1.39957,1.39957
1781577060000,1.39958,1.39958,1.39955,1.39956
1781577120000,1.39957,1.39957,1.39951,1.39952
1781577180000,1.39951,1.39953,1.3995,1.39951
1781577240000,1.39951,1.39952,1.39946,1.39947
1781577300000,1.39949,1.3995,1.39943,1.39944
1781577360000,1.39945,1.39946,1.39945,1.39945
1781577420000,1.39945,1.39949,1.39943,1.39943
1781577480000,1.39942,1.39949,1.3994,1.39944
1781577540000,1.39944,1.39947,1.39942,1.39947
1781577600000,1.39946,1.39952,1.39945,1.39947
1781577660000,1.39947,1.39951,1.39946,1.3995
1781577720000,1.39951,1.39952,1.39947,1.39947
1781577780000,1.39948,1.39953,1.39947,1.39947
1781577840000,1.39948,1.39948,1.39944,1.39947
1781577900000,1.39949,1.39957,1.39946,1.39957
1781577960000,1.39958,1.39958,1.39956,1.39957
1781578020000,1.39957,1.39957,1.39953,1.39956
1781578080000,1.39955,1.39957,1.39953,1.39957
1781578140000,1.39956,1.39957,1.39953,1.39954
1781578200000,1.39955,1.39962,1.39955,1.39961
1781578260000,1.39962,1.39962,1.39957,1.39961
1781578320000,1.3996,1.39965,1.3996,1.3996
1781578380000,1.3996,1.3996,1.3996,1.3996
1781578440000,1.39958,1.39959,1.39955,1.39956
1781578500000,1.39957,1.39962,1.39957,1.3996
1781578560000,1.39961,1.39963,1.39953,1.39953
1781578620000,1.39952,1.39952,1.3994,1.39946
1781578680000,1.39945,1.39946,1.3994,1.39944
1781578740000,1.39944,1.3995,1.39941,1.39945
1781578800000,1.39944,1.39951,1.3994,1.39949
1781578860000,1.39949,1.39955,1.39949,1.39955
1781578920000,1.39953,1.39962,1.39951,1.39961
1781578980000,1.39961,1.39969,1.39961,1.39967
1781579040000,1.39967,1.39975,1.39965,1.39971
1781579100000,1.3997,1.39971,1.39969,1.3997
1781579160000,1.39971,1.39971,1.39963,1.39965
1781579220000,1.39966,1.39967,1.39963,1.39966
1781579280000,1.39965,1.39966,1.39959,1.39962
1781579340000,1.39962,1.39969,1.39962,1.39969
1781579400000,1.39969,1.3997,1.39963,1.39968
1781579460000,1.39967,1.39968,1.39967,1.39968
1781579520000,1.39967,1.39968,1.39967,1.39967
1781579580000,1.39967,1.39968,1.39967,1.39967
1781579640000,1.39967,1.39973,1.39967,1.39972
1781579700000,1.39972,1.39973,1.39972,1.39973
1781579760000,1.39972,1.39973,1.39972,1.39972
1781579820000,1.39972,1.39985,1.39972,1.39983
1781579880000,1.39983,1.39985,1.39982,1.39984
1781579940000,1.39984,1.39998,1.3998,1.39982
1781580000000,1.39981,1.39982,1.39974,1.39976
1781580060000,1.39976,1.39993,1.39976,1.39992
1781580120000,1.39992,1.39993,1.39988,1.3999
1781580180000,1.39988,1.39992,1.39988,1.39991
1781580240000,1.39991,1.39991,1.39981,1.39981
1781580300000,1.39982,1.39982,1.39976,1.39977
1781580360000,1.39976,1.39979,1.39976,1.39977
1781580420000,1.39977,1.39982,1.39976,1.39981
1781580480000,1.39981,1.39986,1.3998,1.39985
1781580540000,1.39986,1.39992,1.39986,1.39988
1781580600000,1.39987,1.39987,1.39976,1.39977
1781580660000,1.39977,1.39983,1.39977,1.39981
1781580720000,1.39981,1.39985,1.39979,1.39979
1781580780000,1.3998,1.3998,1.39976,1.39977
1781580840000,1.39976,1.39978,1.39975,1.39978
1781580900000,1.39978,1.39978,1.39973,1.39975
1781580960000,1.39976,1.39981,1.39975,1.39976
1781581020000,1.39976,1.39976,1.39973,1.39976
1781581080000,1.39975,1.39977,1.39974,1.39976
1781581140000,1.39974,1.39976,1.39974,1.39975
1781581200000,1.39976,1.39977,1.39975,1.39976
1781581260000,1.39977,1.39982,1.39975,1.3998
1781581320000,1.39982,1.39984,1.3998,1.39983
1781581380000,1.39984,1.39984,1.39979,1.3998
1781581440000,1.3998,1.39982,1.39979,1.3998
1781581500000,1.39981,1.39982,1.39975,1.39975
1781581560000,1.39974,1.39977,1.39974,1.39976
1781581620000,1.39976,1.39976,1.39967,1.39973
1781581680000,1.39971,1.39974,1.39966,1.39973
1781581740000,1.39974,1.39974,1.39965,1.39966
1781581800000,1.39966,1.39968,1.39962,1.39967
1781581860000,1.39967,1.39971,1.39967,1.39967
1781581920000,1.39967,1.39967,1.39966,1.39967
1781581980000,1.39967,1.39971,1.39966,1.3997
1781582040000,1.39971,1.39972,1.3997,1.39971
1781582100000,1.39972,1.39977,1.39971,1.39976
1781582160000,1.39976,1.39982,1.39976,1.3998
1781582220000,1.3998,1.39983,1.3998,1.39981
1781582280000,1.39982,1.39983,1.39979,1.39979
1781582340000,1.3998,1.39981,1.3998,1.39981
1781582400000,1.39983,1.39984,1.39981,1.39982
1781582460000,1.39982,1.39988,1.39981,1.39987
1781582520000,1.39986,1.39997,1.39986,1.39997
1781582580000,1.39996,1.39998,1.39992,1.39997
1781582640000,1.39997,1.40009,1.39997,1.40009
1781582700000,1.40008,1.40011,1.40007,1.4001
1781582760000,1.40011,1.40021,1.40008,1.40017
1781582820000,1.40017,1.4002,1.40016,1.4002
1781582880000,1.40019,1.40023,1.40018,1.40022
1781582940000,1.40023,1.40026,1.4002,1.4002
1781583000000,1.40021,1.40025,1.40021,1.40023
1781583060000,1.40027,1.4003,1.40027,1.40029
1781583120000,1.40028,1.40043,1.40027,1.40042
1781583180000,1.40041,1.40052,1.40041,1.40048
1781583240000,1.40047,1.40053,1.40047,1.40052
1781583300000,1.40052,1.40056,1.40051,1.40054
1781583360000,1.40054,1.40054,1.40047,1.40047
1781583420000,1.40048,1.40052,1.40046,1.40049
1781583480000,1.40051,1.40061,1.4005,1.40061
1781583540000,1.40061,1.40073,1.4006,1.40061
1781583600000,1.40059,1.40062,1.40057,1.40061
1781583660000,1.40062,1.40067,1.40057,1.40066
1781583720000,1.40067,1.40074,1.40066,1.4007
1781583780000,1.40071,1.4008,1.4007,1.40078
1781583840000,1.40079,1.40115,1.40079,1.40114
1781583900000,1.40116,1.40159,1.40115,1.40145
1781583960000,1.40147,1.40149,1.40129,1.40133
1781584020000,1.40133,1.4016,1.40131,1.40155
1781584080000,1.40156,1.40156,1.40137,1.40138
1781584140000,1.40139,1.40145,1.40138,1.40139
1781584200000,1.40141,1.40141,1.40125,1.40128
1781584260000,1.4013,1.40131,1.40108,1.4011
1781584320000,1.40109,1.40119,1.40103,1.40119
1781584380000,1.40118,1.40125,1.40113,1.40123
1781584440000,1.40121,1.40129,1.40117,1.40127
1781584500000,1.40126,1.40129,1.4011,1.4011
1781584560000,1.40114,1.40116,1.40113,1.40114
1781584620000,1.40114,1.40125,1.40113,1.40125
1781584680000,1.40124,1.40134,1.40122,1.40134
1781584740000,1.40132,1.40135,1.40126,1.40126
1781584800000,1.40128,1.40129,1.40122,1.40125
1781584860000,1.40126,1.40126,1.40121,1.40122
1781584920000,1.40123,1.40125,1.4012,1.40124
1781584980000,1.40124,1.40135,1.40124,1.40135
1781585040000,1.40134,1.40141,1.40132,1.40135
1781585100000,1.40135,1.40138,1.40127,1.40134
1781585160000,1.40134,1.40137,1.40132,1.40136
1781585220000,1.40137,1.40139,1.40133,1.40139
1781585280000,1.40139,1.40144,1.40139,1.40141
1781585340000,1.40141,1.40145,1.40126,1.40127
1781585400000,1.40126,1.40134,1.40122,1.40132
1781585460000,1.40131,1.40134,1.40129,1.40129
1781585520000,1.4013,1.40139,1.40125,1.40137
1781585580000,1.40138,1.40146,1.40136,1.40143
1781585640000,1.40143,1.40146,1.40139,1.40141
1781585700000,1.40141,1.40142,1.40131,1.40132
1781585760000,1.40133,1.40133,1.40125,1.40127
1781585820000,1.40127,1.40127,1.40117,1.40121
1781585880000,1.4012,1.40121,1.40109,1.40111
1781585940000,1.4011,1.4011,1.40104,1.40109
1781586000000,1.40108,1.40109,1.40098,1.40101
1781586060000,1.40102,1.40103,1.40091,1.40091
1781586120000,1.40092,1.40101,1.40091,1.40096
1781586180000,1.40094,1.40099,1.40094,1.40099
1781586240000,1.40097,1.40102,1.40088,1.40088
1781586300000,1.40088,1.40094,1.40087,1.40091
1781586360000,1.40092,1.40092,1.40083,1.40083
1781586420000,1.40084,1.40095,1.40083,1.40088
1781586480000,1.40088,1.40091,1.40087,1.40087
1781586540000,1.40086,1.40087,1.40084,1.40086
1781586600000,1.40087,1.40089,1.40085,1.40087
1781586660000,1.40086,1.40099,1.40086,1.40098
1781586720000,1.40098,1.40106,1.40098,1.40106
1781586780000,1.40105,1.4011,1.40102,1.40103
1781586840000,1.40104,1.40112,1.40096,1.40111
1781586900000,1.40111,1.40111,1.40105,1.40108
1781586960000,1.40107,1.40108,1.40106,1.40106
1781587020000,1.40106,1.40112,1.40105,1.40112
1781587080000,1.40112,1.40112,1.40106,1.40107
1781587140000,1.40107,1.40116,1.40106,1.40116
1781587200000,1.40115,1.40128,1.40115,1.40126
1781587260000,1.40123,1.40124,1.40116,1.40117
1781587320000,1.40116,1.40116,1.40112,1.40113
1781587380000,1.40114,1.4012,1.40114,1.40118
1781587440000,1.40115,1.40123,1.40115,1.40123
1781587500000,1.40123,1.40123,1.40119,1.4012
1781587560000,1.4012,1.40124,1.4012,1.4012
1781587620000,1.40121,1.40122,1.40113,1.40114
1781587680000,1.40116,1.40121,1.40115,1.40121
1781587740000,1.40121,1.40126,1.40116,1.4012
1781587800000,1.4012,1.40121,1.40111,1.40111
1781587860000,1.4011,1.40111,1.40103,1.40105
1781587920000,1.40106,1.40118,1.40106,1.40112
1781587980000,1.40114,1.40124,1.40112,1.40117
1781588040000,1.40116,1.40126,1.40113,1.40126
1781588100000,1.40125,1.40126,1.40108,1.40109
1781588160000,1.40108,1.40111,1.40091,1.40092
1781588220000,1.40092,1.40098,1.40092,1.40097
1781588280000,1.40096,1.40099,1.40093,1.40094
1781588340000,1.40094,1.40116,1.40093,1.40115
1781588400000,1.40115,1.40122,1.40111,1.40119
1781588460000,1.4012,1.4012,1.40112,1.40117
1781588520000,1.40117,1.40124,1.40116,1.40124
1781588580000,1.40125,1.40127,1.40124,1.40126
1781588640000,1.40126,1.40143,1.40125,1.40133
1781588700000,1.40132,1.40136,1.40132,1.40133
1781588760000,1.40133,1.40138,1.40132,1.40136
1781588820000,1.40137,1.40145,1.40137,1.40142
1781588880000,1.40142,1.4015,1.40141,1.40141
1781588940000,1.40141,1.40158,1.40141,1.40152
1781589000000,1.40151,1.40152,1.40141,1.40142
1781589060000,1.40143,1.40143,1.40134,1.40136
1781589120000,1.40137,1.40141,1.40132,1.40132
1781589180000,1.40134,1.40142,1.40132,1.40141
1781589240000,1.40141,1.40143,1.40137,1.40141
1781589300000,1.40142,1.40145,1.40136,1.40141
1781589360000,1.40143,1.40143,1.40126,1.40139
1781589420000,1.40139,1.4014,1.40135,1.40136
1781589480000,1.40135,1.40144,1.40135,1.40142
1781589540000,1.4014,1.40147,1.40137,1.40147
1781589600000,1.40145,1.4016,1.40145,1.40153
1781589660000,1.40154,1.40154,1.4015,1.4015
1781589720000,1.40151,1.40151,1.40141,1.40142
1781589780000,1.4014,1.40144,1.40134,1.40139
1781589840000,1.4014,1.40148,1.4014,1.40145
1781589900000,1.40144,1.40152,1.40141,1.40141
1781589960000,1.40141,1.40148,1.40141,1.40145
1781590020000,1.40146,1.40175,1.40143,1.40173
1781590080000,1.40169,1.40179,1.40169,1.40173
1781590140000,1.40173,1.40175,1.40161,1.40168
1781590200000,1.40169,1.40181,1.40168,1.40176
1781590260000,1.40178,1.40179,1.40171,1.40172
1781590320000,1.40172,1.40176,1.40171,1.40173
1781590380000,1.40172,1.40176,1.40168,1.40168
1781590440000,1.40168,1.40169,1.40161,1.40168
1781590500000,1.40166,1.40175,1.40166,1.40173
1781590560000,1.40171,1.40171,1.4017,1.40171
1781590620000,1.40171,1.40173,1.4017,1.40171
1781590680000,1.40173,1.40179,1.40173,1.40176
1781590740000,1.40176,1.40177,1.40172,1.40172
1781590800000,1.40171,1.40172,1.40159,1.4016
1781590860000,1.4016,1.40162,1.40153,1.40161
1781590920000,1.4016,1.40166,1.40159,1.40165
1781590980000,1.40164,1.40173,1.40163,1.40173
1781591040000,1.40172,1.40173,1.40167,1.4017
1781591100000,1.40171,1.40171,1.4016,1.40165
1781591160000,1.40164,1.40165,1.4015,1.40151
1781591220000,1.40153,1.4016,1.40149,1.4016
1781591280000,1.40158,1.40158,1.4015,1.40151
1781591340000,1.40153,1.40153,1.40147,1.4015
1781591400000,1.40151,1.40154,1.40142,1.40146
1781591460000,1.40146,1.40149,1.40131,1.40135
1781591520000,1.40135,1.40138,1.40123,1.40128
1781591580000,1.40124,1.4013,1.40106,1.40106
1781591640000,1.4011,1.40111,1.40095,1.401
1781591700000,1.40103,1.40109,1.40092,1.40092
1781591760000,1.40092,1.40101,1.40091,1.40096
1781591820000,1.40094,1.40096,1.40089,1.4009
1781591880000,1.40092,1.40101,1.4009,1.401
1781591940000,1.40101,1.40101,1.40095,1.40097
1781592000000,1.40099,1.40118,1.40099,1.40118
1781592060000,1.40117,1.40118,1.40105,1.40105
1781592120000,1.40105,1.40108,1.40095,1.40095
1781592180000,1.40097,1.40102,1.40095,1.40102
1781592240000,1.40101,1.40116,1.401,1.40114
1781592300000,1.40114,1.40114,1.40106,1.40112
1781592360000,1.4011,1.4011,1.40099,1.40102
1781592420000,1.4011,1.40125,1.4011,1.40123
1781592480000,1.40122,1.40123,1.40101,1.40101
1781592540000,1.40102,1.4011,1.40102,1.40106
1781592600000,1.40105,1.40106,1.40096,1.40096
1781592660000,1.40094,1.40094,1.40084,1.4009
1781592720000,1.40093,1.40093,1.40075,1.40079
1781592780000,1.40077,1.40087,1.40075,1.40078
1781592840000,1.40077,1.40091,1.40076,1.40091
1781592900000,1.4009,1.40096,1.40074,1.40076
1781592960000,1.40075,1.40079,1.40065,1.40066
1781593020000,1.40066,1.40077,1.40065,1.40073
1781593080000,1.40073,1.40086,1.40073,1.40086
1781593140000,1.40086,1.40089,1.40079,1.40086
1781593200000,1.40087,1.40116,1.40086,1.40111
1781593260000,1.40112,1.40113,1.40089,1.40093
1781593320000,1.40093,1.40097,1.40089,1.40092
1781593380000,1.4009,1.40093,1.40081,1.40092
1781593440000,1.40093,1.40095,1.4008,1.4008
1781593500000,1.4008,1.40081,1.4007,1.4007
1781593560000,1.4007,1.4007,1.40049,1.4005
1781593620000,1.40053,1.40065,1.40051,1.4006
1781593680000,1.4006,1.40063,1.40044,1.40058
1781593740000,1.40057,1.40073,1.40056,1.40062
1781593800000,1.4006,1.40066,1.40051,1.40066
1781593860000,1.40065,1.40075,1.4006,1.40072
1781593920000,1.40071,1.40087,1.4007,1.40087
1781593980000,1.40086,1.40089,1.40079,1.4008
1781594040000,1.40082,1.4009,1.40082,1.4009
1781594100000,1.40092,1.40094,1.40084,1.40091
1781594160000,1.40091,1.40091,1.40076,1.40076
1781594220000,1.40076,1.40079,1.40071,1.40079
1781594280000,1.40078,1.40086,1.40078,1.40082
1781594340000,1.40082,1.40084,1.40076,1.40078
1781594400000,1.40078,1.40084,1.40076,1.40081
1781594460000,1.40082,1.40085,1.4008,1.40083
1781594520000,1.40083,1.40104,1.40082,1.40092
1781594580000,1.40092,1.40095,1.40092,1.40092
1781594640000,1.40094,1.40099,1.40089,1.40097
1781594700000,1.40097,1.40102,1.40092,1.40092
1781594760000,1.40092,1.40093,1.40072,1.40074
1781594820000,1.40077,1.40079,1.40072,1.40072
1781594880000,1.40074,1.40078,1.40071,1.40078
1781594940000,1.40075,1.40081,1.40052,1.40052
1781595000000,1.40052,1.40063,1.40048,1.40052
1781595060000,1.40052,1.40055,1.40041,1.40054
1781595120000,1.40057,1.4007,1.40054,1.4007
1781595180000,1.40072,1.40073,1.40061,1.40063
1781595240000,1.40062,1.40064,1.40051,1.40056
1781595300000,1.40054,1.40056,1.40041,1.40043
1781595360000,1.40045,1.4005,1.40043,1.40047
1781595420000,1.40049,1.40063,1.40046,1.40056
1781595480000,1.40055,1.40064,1.40052,1.40063
1781595540000,1.40063,1.40063,1.40056,1.40058
1781595600000,1.40057,1.40058,1.40044,1.40046
1781595660000,1.40045,1.40048,1.4004,1.4004
1781595720000,1.40039,1.40056,1.40036,1.40054
1781595780000,1.40054,1.40058,1.40051,1.40051
1781595840000,1.40052,1.40053,1.4004,1.40042
1781595900000,1.4004,1.40047,1.4004,1.40044
1781595960000,1.40043,1.40045,1.40041,1.40041
1781596020000,1.40043,1.40044,1.40033,1.40033
1781596080000,1.40033,1.40048,1.4003,1.40045
1781596140000,1.40046,1.40046,1.40041,1.40041
1781596200000,1.4004,1.4004,1.40024,1.40026
1781596260000,1.40024,1.40025,1.40019,1.40022
1781596320000,1.40021,1.40033,1.4002,1.40032
1781596380000,1.40032,1.40039,1.40031,1.40032
1781596440000,1.40032,1.4004,1.40032,1.40038
1781596500000,1.40037,1.4004,1.40026,1.40027
1781596560000,1.40026,1.40033,1.40022,1.40032
1781596620000,1.40031,1.40038,1.40031,1.40037
1781596680000,1.40039,1.40042,1.40032,1.40042
1781596740000,1.4004,1.40046,1.40039,1.4004
1781596800000,1.40041,1.40041,1.40026,1.40038
1781596860000,1.40036,1.40057,1.40035,1.40051
1781596920000,1.4005,1.40061,1.40044,1.40061
1781596980000,1.40062,1.40067,1.40058,1.40063
1781597040000,1.40062,1.40077,1.40058,1.40072
1781597100000,1.40073,1.40097,1.40072,1.40096
1781597160000,1.40096,1.40103,1.40092,1.40103
1781597220000,1.40104,1.40104,1.40091,1.40102
1781597280000,1.40102,1.40103,1.40088,1.4009
1781597340000,1.40095,1.40112,1.40095,1.40109
1781597400000,1.40109,1.40116,1.40105,1.4011
1781597460000,1.4011,1.40119,1.4011,1.40115
1781597520000,1.40114,1.40114,1.4008,1.40084
1781597580000,1.40088,1.40088,1.40074,1.40074
1781597640000,1.40075,1.40088,1.40074,1.40083
1781597700000,1.40083,1.40092,1.40081,1.40085
1781597760000,1.40085,1.40087,1.40077,1.40077
1781597820000,1.40077,1.40091,1.40072,1.40072
1781597880000,1.40071,1.40081,1.40071,1.40077
1781597940000,1.40077,1.40089,1.40077,1.40082
1781598000000,1.4008,1.40086,1.40071,1.40074
1781598060000,1.40074,1.40076,1.40065,1.40072
1781598120000,1.40072,1.40085,1.40072,1.40081
1781598180000,1.40083,1.40086,1.4008,1.40081
1781598240000,1.40081,1.40085,1.4008,1.40082
1781598300000,1.40081,1.40084,1.40072,1.40072
1781598360000,1.40073,1.40076,1.40071,1.40073
1781598420000,1.40074,1.40085,1.40072,1.40074
1781598480000,1.40074,1.40074,1.40066,1.40067
1781598540000,1.40069,1.4008,1.40067,1.40077
1781598600000,1.40078,1.40099,1.40072,1.40072
1781598660000,1.40072,1.40082,1.40072,1.40079
1781598720000,1.40076,1.4008,1.40072,1.40075
1781598780000,1.40073,1.40084,1.40073,1.40083
1781598840000,1.40081,1.40082,1.40073,1.40079
1781598900000,1.4008,1.4009,1.4008,1.40089
1781598960000,1.40089,1.40094,1.40084,1.40084
1781599020000,1.40084,1.40085,1.40072,1.40073
1781599080000,1.40073,1.40076,1.40064,1.40073
1781599140000,1.40072,1.40073,1.40061,1.40061
1781599200000,1.40063,1.40063,1.40051,1.40051
1781599260000,1.40052,1.40067,1.40051,1.40065
1781599320000,1.4007,1.40073,1.4007,1.40072
1781599380000,1.40072,1.40072,1.40049,1.4005
1781599440000,1.40051,1.40058,1.40046,1.40053
1781599500000,1.40054,1.40056,1.40046,1.40046
1781599560000,1.40046,1.40047,1.40041,1.40042
1781599620000,1.40042,1.40052,1.40042,1.4005
1781599680000,1.40052,1.40053,1.40042,1.40042
1781599740000,1.40042,1.40046,1.40042,1.40043
1781599800000,1.40043,1.40044,1.40042,1.40042
1781599860000,1.40042,1.40043,1.40026,1.40026
1781599920000,1.40026,1.40032,1.40023,1.40031
1781599980000,1.40031,1.40032,1.4003,1.40031
1781600040000,1.40032,1.40044,1.40031,1.40034
1781600100000,1.40035,1.40043,1.40034,1.40037
1781600160000,1.40035,1.40036,1.40029,1.40029
1781600220000,1.40029,1.4003,1.40011,1.40011
1781600280000,1.40012,1.40026,1.40012,1.40026
1781600340000,1.40028,1.40036,1.40026,1.40027
1781600400000,1.40027,1.4003,1.40023,1.40023
1781600460000,1.4002,1.40024,1.40012,1.40012
1781600520000,1.40012,1.40018,1.40002,1.40018
1781600580000,1.40017,1.40032,1.40017,1.40025
1781600640000,1.40024,1.40026,1.40013,1.40013
1781600700000,1.40014,1.40034,1.40013,1.40033
1781600760000,1.40034,1.40035,1.40025,1.40028
1781600820000,1.40029,1.40033,1.40021,1.40033
1781600880000,1.40032,1.40034,1.40013,1.40014
1781600940000,1.40013,1.40024,1.40013,1.40023
1781601000000,1.40024,1.40024,1.40013,1.40017
1781601060000,1.40017,1.40022,1.40014,1.40016
1781601120000,1.40017,1.40022,1.40014,1.40017
1781601180000,1.40017,1.40028,1.40017,1.40028
1781601240000,1.40027,1.4003,1.40024,1.40029
1781601300000,1.40029,1.40035,1.40023,1.40034
1781601360000,1.40034,1.40038,1.40034,1.40035
1781601420000,1.40036,1.40039,1.40034,1.40038
1781601480000,1.40037,1.40041,1.40034,1.40036
1781601540000,1.40036,1.40036,1.40031,1.40032
1781601600000,1.40031,1.40042,1.40031,1.40035
1781601660000,1.40035,1.40037,1.40034,1.40035
1781601720000,1.40035,1.40044,1.40034,1.40043
1781601780000,1.40043,1.40043,1.40033,1.40035
1781601840000,1.40037,1.40043,1.40021,1.40025
1781601900000,1.40024,1.40027,1.40021,1.40025
1781601960000,1.40024,1.40025,1.40013,1.40023
1781602020000,1.40023,1.40033,1.40023,1.40027
1781602080000,1.40029,1.40039,1.40029,1.40037
1781602140000,1.40038,1.40041,1.40033,1.40038
1781602200000,1.40039,1.40039,1.40023,1.40023
1781602260000,1.40024,1.40027,1.40017,1.40022
1781602320000,1.40022,1.40025,1.40015,1.40022
1781602380000,1.40024,1.40027,1.40022,1.40023
1781602440000,1.40024,1.40034,1.40023,1.40034
1781602500000,1.40034,1.4004,1.40033,1.40039
1781602560000,1.40038,1.40041,1.40026,1.40037
1781602620000,1.40037,1.40039,1.40032,1.40036
1781602680000,1.40035,1.40045,1.40034,1.40042
1781602740000,1.40042,1.40049,1.40042,1.40048
1781602800000,1.40048,1.40049,1.40035,1.40035
1781602860000,1.40035,1.40044,1.40033,1.40035
1781602920000,1.40035,1.40037,1.40033,1.40035
1781602980000,1.40036,1.40038,1.40033,1.40035
1781603040000,1.40034,1.40045,1.40033,1.40042
1781603100000,1.40042,1.40047,1.40039,1.40041
1781603160000,1.40041,1.40044,1.40039,1.40041
1781603220000,1.40043,1.40043,1.40032,1.40038
1781603280000,1.40039,1.40039,1.40028,1.40033
1781603340000,1.40033,1.40042,1.40033,1.4004
1781603400000,1.4004,1.40041,1.40033,1.40034
1781603460000,1.40033,1.40035,1.40026,1.40032
1781603520000,1.40033,1.40036,1.40029,1.4003
1781603580000,1.40029,1.40033,1.40028,1.40033
1781603640000,1.40032,1.40038,1.40032,1.40034
1781603700000,1.40034,1.40047,1.40032,1.40047
1781603760000,1.40046,1.40047,1.40039,1.40041
1781603820000,1.4004,1.40043,1.40034,1.4004
1781603880000,1.40038,1.40039,1.40034,1.40035
1781603940000,1.40034,1.40038,1.40033,1.40035
1781604000000,1.40036,1.40039,1.40016,1.40019
1781604060000,1.4002,1.40023,1.4,1.4001
1781604120000,1.40011,1.40021,1.40008,1.40018
1781604180000,1.40018,1.40022,1.40016,1.40021
1781604240000,1.40021,1.40027,1.40017,1.40026
1781604300000,1.40026,1.40029,1.40022,1.40027
1781604360000,1.40024,1.40024,1.40022,1.40023
1781604420000,1.40023,1.40024,1.40013,1.40013
1781604480000,1.40013,1.40017,1.40005,1.4001
1781604540000,1.40008,1.40008,1.39997,1.39997
1781604600000,1.39997,1.40003,1.39996,1.40001
1781604660000,1.40002,1.40003,1.39992,1.39992
1781604720000,1.39994,1.39994,1.39955,1.39961
1781604780000,1.3996,1.39971,1.39958,1.39963
1781604840000,1.39963,1.39974,1.39962,1.39974
1781604900000,1.39972,1.39975,1.39963,1.39968
1781604960000,1.39967,1.39967,1.39958,1.39964
1781605020000,1.39962,1.39962,1.39951,1.39957
1781605080000,1.39958,1.39958,1.39948,1.39953
1781605140000,1.39952,1.39967,1.39952,1.39965
1781605200000,1.39963,1.39967,1.39955,1.39956
1781605260000,1.39956,1.39957,1.39943,1.39945
1781605320000,1.39945,1.39966,1.39944,1.39959
1781605380000,1.39958,1.39959,1.39951,1.39959
1781605440000,1.39959,1.39959,1.39947,1.39949
1781605500000,1.39948,1.3995,1.39939,1.39939
1781605560000,1.39939,1.3995,1.39939,1.39948
1781605620000,1.39947,1.39957,1.39944,1.39956
1781605680000,1.39956,1.39965,1.39954,1.39964
1781605740000,1.39964,1.39969,1.39959,1.39968
1781605800000,1.39968,1.39974,1.39968,1.3997
1781605860000,1.39969,1.39971,1.39965,1.3997
1781605920000,1.3997,1.39971,1.39957,1.39957
1781605980000,1.39958,1.39961,1.39954,1.39956
1781606040000,1.39956,1.39956,1.39947,1.39948
1781606100000,1.39949,1.39949,1.39939,1.39944
1781606160000,1.39944,1.39957,1.39942,1.39942
1781606220000,1.39942,1.39943,1.39926,1.39928
1781606280000,1.39929,1.39939,1.39928,1.39931
1781606340000,1.39932,1.3994,1.39932,1.39936
1781606400000,1.39936,1.39936,1.39921,1.39923
1781606460000,1.39924,1.39928,1.39921,1.39928
1781606520000,1.39927,1.39927,1.39918,1.39921
1781606580000,1.39921,1.39929,1.39917,1.39927
1781606640000,1.39926,1.39932,1.39925,1.39929
1781606700000,1.3993,1.39938,1.39929,1.39936
1781606760000,1.39936,1.39937,1.3993,1.39934
1781606820000,1.39933,1.39934,1.39928,1.39933
1781606880000,1.39932,1.39942,1.39931,1.39941
1781606940000,1.39942,1.39959,1.39942,1.39957
1781607000000,1.39958,1.39958,1.39946,1.3995
1781607060000,1.39949,1.39953,1.39943,1.39943
1781607120000,1.39943,1.39949,1.39939,1.39947
1781607180000,1.39946,1.39949,1.39938,1.39942
1781607240000,1.39942,1.39944,1.39933,1.39943
1781607300000,1.39942,1.39961,1.39941,1.3996
1781607360000,1.39961,1.39965,1.39946,1.39952
1781607420000,1.39952,1.39953,1.39947,1.3995
1781607480000,1.3995,1.39951,1.39937,1.39937
1781607540000,1.39937,1.39942,1.39934,1.39942
1781607600000,1.39945,1.39969,1.39945,1.39969
1781607660000,1.39969,1.39979,1.39966,1.39975
1781607720000,1.39974,1.39974,1.39964,1.39968
1781607780000,1.39969,1.39981,1.39968,1.39976
1781607840000,1.39976,1.39979,1.3996,1.39972
1781607900000,1.39972,1.39975,1.39966,1.39968
1781607960000,1.39971,1.39977,1.39963,1.39972
1781608020000,1.39972,1.39981,1.39967,1.3998
1781608080000,1.39981,1.39987,1.39978,1.39979
1781608140000,1.39979,1.39988,1.39978,1.39986
1781608200000,1.39989,1.39996,1.39985,1.39996
1781608260000,1.39994,1.39995,1.39982,1.39984
1781608320000,1.39984,1.39985,1.39967,1.39976
1781608380000,1.39975,1.39988,1.39975,1.3998
1781608440000,1.3998,1.39992,1.3998,1.39992
1781608500000,1.39992,1.39992,1.39978,1.39992
1781608560000,1.39991,1.39994,1.39988,1.39994
1781608620000,1.39994,1.40005,1.39993,1.40003
1781608680000,1.40003,1.40008,1.40003,1.40003
1781608740000,1.40004,1.40007,1.40003,1.40003
1781608800000,1.40003,1.40003,1.39995,1.39996
1781608860000,1.39996,1.39997,1.39994,1.39996
1781608920000,1.39995,1.39995,1.39985,1.3999
1781608980000,1.39991,1.39998,1.3999,1.39993
1781609040000,1.39993,1.40006,1.39993,1.39998
1781609100000,1.39998,1.40007,1.39998,1.40001
1781609160000,1.40002,1.4002,1.40002,1.4002
1781609220000,1.4002,1.40021,1.40004,1.40007
1781609280000,1.40007,1.4001,1.40004,1.40007
1781609340000,1.40005,1.40006,1.39994,1.40001
1781609400000,1.40003,1.40003,1.39995,1.40001
1781609460000,1.39999,1.40003,1.39996,1.39999
1781609520000,1.39999,1.40001,1.39991,1.39999
1781609580000,1.40001,1.40004,1.39999,1.39999
1781609640000,1.4,1.4,1.39988,1.39996
1781609700000,1.39997,1.39999,1.39989,1.3999
1781609760000,1.3999,1.39993,1.3999,1.39992
1781609820000,1.39993,1.40001,1.3999,1.4
1781609880000,1.40001,1.40001,1.39996,1.39998
1781609940000,1.39999,1.40006,1.39996,1.40005
1781610000000,1.40006,1.40027,1.40004,1.40026
1781610060000,1.40026,1.40032,1.40011,1.40016
1781610120000,1.40016,1.40041,1.40016,1.4004
1781610180000,1.40041,1.40047,1.40041,1.40043
1781610240000,1.40044,1.40047,1.40041,1.40041
1781610300000,1.40042,1.40049,1.40039,1.40047
1781610360000,1.40046,1.40046,1.40039,1.40041
1781610420000,1.40044,1.40061,1.40042,1.4006
1781610480000,1.40063,1.40066,1.40057,1.40062
1781610540000,1.40063,1.40068,1.40059,1.40067
1781610600000,1.40066,1.40071,1.4006,1.40061
1781610660000,1.4006,1.40068,1.4006,1.40066
1781610720000,1.40066,1.40072,1.40066,1.4007
1781610780000,1.40071,1.40074,1.4006,1.40062
1781610840000,1.40062,1.40066,1.40056,1.40062
1781610900000,1.40063,1.40073,1.40059,1.40069
1781610960000,1.40068,1.40074,1.40064,1.40071
1781611020000,1.40071,1.40072,1.40064,1.40066
1781611080000,1.40066,1.40069,1.40064,1.40064
1781611140000,1.40065,1.40068,1.40062,1.40067
1781611200000,1.40066,1.40072,1.40064,1.40067
1781611260000,1.40065,1.40075,1.40065,1.40073
1781611320000,1.40073,1.40091,1.40071,1.40088
1781611380000,1.40087,1.40114,1.40086,1.40109
1781611440000,1.40111,1.4013,1.40106,1.40129
1781611500000,1.40129,1.40132,1.40117,1.4013
1781611560000,1.40129,1.40132,1.40115,1.40118
1781611620000,1.4012,1.40141,1.4012,1.40139
1781611680000,1.40139,1.40144,1.40129,1.40129
1781611740000,1.40128,1.4014,1.40126,1.4014
1781611800000,1.40141,1.40144,1.40136,1.4014
1781611860000,1.40139,1.40147,1.40123,1.40124
1781611920000,1.40123,1.40125,1.4011,1.40115
1781611980000,1.40115,1.40115,1.40099,1.40105
1781612040000,1.40105,1.40118,1.40102,1.40108
1781612100000,1.40108,1.40123,1.40102,1.40123
1781612160000,1.40123,1.40134,1.40121,1.40131
1781612220000,1.40131,1.40137,1.40128,1.40132
1781612280000,1.4013,1.40132,1.40125,1.40125
1781612340000,1.40125,1.40129,1.40125,1.40126
1781612400000,1.40127,1.40143,1.40118,1.4014
1781612460000,1.40142,1.40142,1.40134,1.40137
1781612520000,1.40136,1.40137,1.40126,1.40126
1781612580000,1.40128,1.40133,1.40121,1.40123
1781612640000,1.40122,1.40135,1.40119,1.40134
1781612700000,1.40135,1.40153,1.40135,1.40149
1781612760000,1.40151,1.40152,1.40145,1.40146
1781612820000,1.40146,1.40149,1.40143,1.40146
1781612880000,1.40146,1.40146,1.40135,1.40136
1781612940000,1.40137,1.40137,1.40129,1.40131
1781613000000,1.4013,1.40148,1.40126,1.40148
1781613060000,1.40148,1.40148,1.40127,1.40127
1781613120000,1.40129,1.40144,1.40129,1.40141
1781613180000,1.40142,1.40142,1.4013,1.40137
1781613240000,1.40138,1.4015,1.40137,1.4014
1781613300000,1.40141,1.40151,1.40141,1.40147
1781613360000,1.40147,1.40149,1.40137,1.40137
1781613420000,1.40139,1.4014,1.40132,1.40133
1781613480000,1.40134,1.40139,1.40133,1.40137
1781613540000,1.40137,1.4014,1.40136,1.40137
1781613600000,1.40137,1.4014,1.40128,1.40128
1781613660000,1.40126,1.40134,1.40118,1.40132
1781613720000,1.4013,1.40131,1.40118,1.40118
1781613780000,1.40118,1.40127,1.40116,1.40116
1781613840000,1.40116,1.40118,1.40107,1.40107
1781613900000,1.40108,1.4012,1.40105,1.40117
1781613960000,1.40117,1.40119,1.40113,1.40118
1781614020000,1.40121,1.40126,1.40121,1.40125
1781614080000,1.40125,1.40133,1.40125,1.40129
1781614140000,1.40131,1.40134,1.40117,1.40129
1781614200000,1.4013,1.4013,1.40116,1.40121
1781614260000,1.4012,1.40124,1.40115,1.40116
1781614320000,1.40117,1.40128,1.40113,1.40128
1781614380000,1.40127,1.40133,1.40126,1.40126
1781614440000,1.40125,1.4013,1.4012,1.40127
1781614500000,1.40128,1.40133,1.40118,1.40118
1781614560000,1.40119,1.40122,1.40115,1.40119
1781614620000,1.40125,1.40125,1.40117,1.40123
1781614680000,1.40121,1.40123,1.40115,1.40115
1781614740000,1.40115,1.40126,1.40108,1.40124
1781614800000,1.40123,1.40142,1.40123,1.4013
1781614860000,1.4013,1.4013,1.40114,1.40118
1781614920000,1.40116,1.40118,1.40107,1.40108
1781614980000,1.40108,1.40116,1.40103,1.40115
1781615040000,1.40115,1.4013,1.40114,1.40122
1781615100000,1.40124,1.40127,1.40116,1.4012
1781615160000,1.40121,1.40122,1.40113,1.40117
1781615220000,1.40119,1.40129,1.40116,1.40124
1781615280000,1.40124,1.40131,1.40122,1.40125
1781615340000,1.40123,1.40134,1.40119,1.40131
1781615400000,1.40131,1.40134,1.40109,1.40117
1781615460000,1.40118,1.40122,1.40114,1.40116
1781615520000,1.40116,1.40123,1.40114,1.40117
1781615580000,1.40118,1.40124,1.40105,1.40106
1781615640000,1.40106,1.40112,1.401,1.4011
1781615700000,1.40109,1.40118,1.40106,1.40114
1781615760000,1.40114,1.40125,1.40114,1.40122
1781615820000,1.40122,1.40126,1.40111,1.40111
1781615880000,1.4011,1.40112,1.40103,1.40108
1781615940000,1.40108,1.4011,1.40104,1.40106
1781616000000,1.40106,1.4012,1.40105,1.40117
1781616060000,1.40116,1.40135,1.40116,1.40133
1781616120000,1.40133,1.4014,1.40127,1.40133
1781616180000,1.40131,1.40131,1.40111,1.40112
1781616240000,1.40112,1.4012,1.40112,1.40117
1781616300000,1.40118,1.40129,1.40118,1.40128
1781616360000,1.40128,1.40139,1.40126,1.40138
1781616420000,1.40139,1.4015,1.40134,1.40149
1781616480000,1.40148,1.40155,1.40146,1.40146
1781616540000,1.40145,1.40145,1.4013,1.40131
1781616600000,1.40133,1.40133,1.40106,1.4011
1781616660000,1.4011,1.40115,1.4009,1.40092
1781616720000,1.40091,1.40097,1.40054,1.40058
1781616780000,1.40062,1.40068,1.40033,1.40034
1781616840000,1.40035,1.40038,1.40006,1.4002
1781616900000,1.40019,1.40041,1.40019,1.40038
1781616960000,1.4004,1.40052,1.40035,1.40043
1781617020000,1.40044,1.40053,1.40043,1.40049
1781617080000,1.4005,1.4005,1.40029,1.4004
1781617140000,1.40038,1.40043,1.40033,1.40041
1781617200000,1.40041,1.40051,1.40027,1.40028
1781617260000,1.40026,1.40027,1.39998,1.40012
1781617320000,1.40014,1.40022,1.40012,1.40018
1781617380000,1.40018,1.40019,1.39999,1.39999
1781617440000,1.40001,1.4001,1.4,1.40005
1781617500000,1.40002,1.40003,1.39997,1.40001
1781617560000,1.40001,1.40002,1.39988,1.39989
1781617620000,1.39987,1.40001,1.39986,1.39986
1781617680000,1.39989,1.39993,1.39986,1.39992
1781617740000,1.39993,1.40009,1.39993,1.40001
1781617800000,1.40001,1.40005,1.39997,1.40005
1781617860000,1.40004,1.40004,1.39986,1.39998
1781617920000,1.39996,1.40001,1.39992,1.40001
1781617980000,1.40005,1.40033,1.40005,1.40029
1781618040000,1.4003,1.40031,1.4001,1.4001
1781618100000,1.40011,1.40027,1.40011,1.40019
1781618160000,1.40019,1.40028,1.40019,1.40022
1781618220000,1.40023,1.40037,1.40022,1.40033
1781618280000,1.40033,1.40038,1.40028,1.40038
1781618340000,1.40037,1.40037,1.40022,1.40027
1781618400000,1.40028,1.40036,1.40005,1.40008
1781618460000,1.40009,1.40027,1.40006,1.40026
1781618520000,1.40025,1.40027,1.40008,1.40009
1781618580000,1.4001,1.4001,1.39997,1.40004
1781618640000,1.40005,1.40016,1.40001,1.4001
1781618700000,1.40008,1.40037,1.40008,1.40031
1781618760000,1.40033,1.40043,1.40028,1.40043
1781618820000,1.40044,1.40052,1.40038,1.40041
1781618880000,1.4004,1.40043,1.40037,1.40041
1781618940000,1.40041,1.4005,1.4004,1.40042
1781619000000,1.40042,1.40042,1.4002,1.40027
1781619060000,1.40029,1.40029,1.40008,1.40011
1781619120000,1.40009,1.40009,1.39969,1.39971
1781619180000,1.3997,1.39973,1.39959,1.39959
1781619240000,1.39958,1.39961,1.3995,1.39959
1781619300000,1.39963,1.39982,1.39957,1.39978
1781619360000,1.3998,1.39989,1.39977,1.3998
1781619420000,1.39978,1.3999,1.39976,1.39987
1781619480000,1.39988,1.39992,1.39979,1.39987
1781619540000,1.39985,1.40009,1.39985,1.39995
1781619600000,1.39996,1.40004,1.39978,1.39979
1781619660000,1.39978,1.39985,1.39962,1.39963
1781619720000,1.39963,1.39969,1.39958,1.39958
1781619780000,1.39957,1.39972,1.39957,1.39969
1781619840000,1.39971,1.39971,1.3995,1.39963
1781619900000,1.39963,1.39972,1.39959,1.39963
1781619960000,1.39962,1.39963,1.39951,1.3996
1781620020000,1.39959,1.39971,1.39958,1.39969
1781620080000,1.39969,1.39969,1.39948,1.3995
1781620140000,1.39951,1.39994,1.39951,1.39994
1781620200000,1.39993,1.40021,1.39985,1.40018
1781620260000,1.40019,1.40035,1.40009,1.40015
1781620320000,1.40014,1.4002,1.40005,1.40018
1781620380000,1.40017,1.40038,1.40016,1.40036
1781620440000,1.40036,1.40038,1.40006,1.40006
1781620500000,1.40012,1.40015,1.39996,1.39998
1781620560000,1.39998,1.39998,1.39984,1.39984
1781620620000,1.39985,1.39988,1.39975,1.39976
1781620680000,1.39977,1.39991,1.39974,1.3999
1781620740000,1.39991,1.39991,1.39977,1.39977
1781620800000,1.39977,1.39991,1.39971,1.39981
1781620860000,1.39981,1.3999,1.39979,1.39979
1781620920000,1.3998,1.39999,1.3998,1.39996
1781620980000,1.39997,1.40003,1.39987,1.4
1781621040000,1.4,1.40001,1.39986,1.39992
1781621100000,1.39991,1.39992,1.39977,1.39978
1781621160000,1.39978,1.39978,1.39958,1.39958
1781621220000,1.39959,1.39974,1.39959,1.39969
1781621280000,1.39969,1.39969,1.39957,1.39958
1781621340000,1.39959,1.39973,1.39958,1.39973
1781621400000,1.39975,1.39982,1.39965,1.39979
1781621460000,1.39979,1.3998,1.39952,1.39962
1781621520000,1.39962,1.39968,1.39953,1.39953
1781621580000,1.39953,1.39954,1.39914,1.39918
1781621640000,1.39918,1.39929,1.39907,1.39908
1781621700000,1.39908,1.39909,1.39876,1.39888
1781621760000,1.39888,1.39895,1.39863,1.39875
1781621820000,1.39877,1.39902,1.39858,1.39858
1781621880000,1.39857,1.39863,1.39841,1.39854
1781621940000,1.39854,1.39871,1.39854,1.39856
1781622000000,1.39855,1.39875,1.39853,1.3987
1781622060000,1.39871,1.39886,1.39862,1.39876
1781622120000,1.39874,1.39892,1.39871,1.39892
1781622180000,1.39891,1.3992,1.39883,1.39911
1781622240000,1.3991,1.39928,1.39908,1.39925
1781622300000,1.39925,1.3994,1.39919,1.3994
1781622360000,1.39939,1.39943,1.3993,1.39935
1781622420000,1.39936,1.39946,1.39922,1.39934
1781622480000,1.39935,1.39936,1.39906,1.39928
1781622540000,1.39928,1.39928,1.39907,1.39907
1781622600000,1.39904,1.3991,1.39895,1.39907
1781622660000,1.39907,1.39924,1.39906,1.39914
1781622720000,1.39916,1.39928,1.39911,1.39913
1781622780000,1.39914,1.39918,1.39902,1.3991
1781622840000,1.39906,1.39906,1.39889,1.39898
1781622900000,1.39897,1.39902,1.39881,1.39885
1781622960000,1.39886,1.39896,1.39879,1.39883
1781623020000,1.39882,1.39899,1.39882,1.39893
1781623080000,1.39891,1.39891,1.39881,1.39883
1781623140000,1.39884,1.39884,1.39879,1.39882
1781623200000,1.39881,1.39891,1.39879,1.39888
1781623260000,1.39889,1.3989,1.3988,1.39882
1781623320000,1.39884,1.39888,1.39878,1.39883
1781623380000,1.39883,1.39884,1.3988,1.39883
1781623440000,1.39883,1.39899,1.39883,1.3989
1781623500000,1.39891,1.39892,1.39879,1.39883
1781623560000,1.39883,1.39886,1.39877,1.39882
1781623620000,1.39882,1.39886,1.39879,1.39886
1781623680000,1.39884,1.39886,1.39881,1.39883
1781623740000,1.39883,1.39889,1.39875,1.39889
1781623800000,1.3989,1.39903,1.3989,1.39891
1781623860000,1.39892,1.39898,1.39874,1.39874
1781623920000,1.39872,1.39879,1.39869,1.39872
1781623980000,1.39873,1.39879,1.39865,1.39872
1781624040000,1.39872,1.39883,1.39871,1.39875
1781624100000,1.39873,1.39874,1.3986,1.3986
1781624160000,1.3986,1.39864,1.39852,1.39857
1781624220000,1.39857,1.39867,1.39854,1.39864
1781624280000,1.39863,1.39868,1.39861,1.39865
1781624340000,1.39866,1.39875,1.39863,1.39872
1781624400000,1.39872,1.39894,1.39872,1.39892
1781624460000,1.39892,1.39897,1.3989,1.3989
1781624520000,1.3989,1.39901,1.3989,1.39895
1781624580000,1.39893,1.39896,1.39883,1.39888
1781624640000,1.3989,1.3989,1.39871,1.39872
1781624700000,1.39871,1.39893,1.3987,1.39892
1781624760000,1.39893,1.39917,1.39892,1.39916
1781624820000,1.39914,1.39915,1.39902,1.39905
1781624880000,1.39906,1.39922,1.39905,1.39922
1781624940000,1.39922,1.39922,1.39903,1.39905
1781625000000,1.39905,1.39906,1.39869,1.3987
1781625060000,1.39874,1.39885,1.3987,1.39881
1781625120000,1.39881,1.39894,1.39876,1.39882
1781625180000,1.3988,1.3988,1.39852,1.39852
1781625240000,1.39851,1.39852,1.39827,1.39831
1781625300000,1.39832,1.3984,1.39813,1.39819
1781625360000,1.39816,1.39828,1.39808,1.39815
1781625420000,1.39814,1.39815,1.39798,1.39807
1781625480000,1.39806,1.39813,1.39803,1.39811
1781625540000,1.39812,1.39826,1.39812,1.39824
1781625600000,1.39828,1.39833,1.39819,1.39825
1781625660000,1.39825,1.39832,1.39822,1.39829
1781625720000,1.39831,1.39836,1.3983,1.39836
1781625780000,1.39835,1.39843,1.39833,1.39836
1781625840000,1.39836,1.39863,1.39836,1.39859
1781625900000,1.39858,1.39859,1.39841,1.3985
1781625960000,1.39849,1.39854,1.39842,1.39842
1781626020000,1.3984,1.39844,1.39835,1.39835
1781626080000,1.39837,1.39841,1.39827,1.39841
1781626140000,1.39843,1.3985,1.3984,1.39849
1781626200000,1.39848,1.39848,1.39839,1.39842
1781626260000,1.39843,1.39843,1.39835,1.3984
1781626320000,1.39842,1.39843,1.39837,1.39843
1781626380000,1.39842,1.39845,1.3983,1.3983
1781626440000,1.39831,1.39837,1.39824,1.39831
1781626500000,1.39831,1.39847,1.39831,1.39846
1781626560000,1.39846,1.39847,1.39832,1.39836
1781626620000,1.39836,1.39836,1.39825,1.39828
1781626680000,1.39829,1.39832,1.39817,1.39817
1781626740000,1.39818,1.39823,1.39805,1.39806
1781626800000,1.39808,1.3982,1.39808,1.39817
1781626860000,1.39817,1.39819,1.39807,1.39807
1781626920000,1.39806,1.39815,1.39802,1.39813
1781626980000,1.39814,1.39826,1.39813,1.39825
1781627040000,1.39824,1.39827,1.39822,1.39826
1781627100000,1.3983,1.39835,1.39828,1.3983
1781627160000,1.3983,1.3983,1.39815,1.39815
1781627220000,1.3982,1.39823,1.39815,1.39821
1781627280000,1.39822,1.39822,1.39815,1.39815
1781627340000,1.39816,1.39818,1.39811,1.39815
1781627400000,1.39816,1.39824,1.39812,1.39818
1781627460000,1.39818,1.39823,1.39813,1.39815
1781627520000,1.39814,1.39816,1.39806,1.39813
1781627580000,1.39815,1.39822,1.39813,1.39816
1781627640000,1.39816,1.39825,1.39811,1.39825
1781627700000,1.39824,1.39826,1.39812,1.3982
1781627760000,1.3982,1.39828,1.39819,1.3982
1781627820000,1.3982,1.39829,1.39818,1.39826
1781627880000,1.39826,1.39842,1.39825,1.39833
1781627940000,1.39833,1.39836,1.39824,1.39836
1781628000000,1.39835,1.39837,1.39831,1.39835
1781628060000,1.39835,1.39844,1.39835,1.3984
1781628120000,1.39841,1.39844,1.39834,1.39834
1781628180000,1.39833,1.39836,1.39833,1.39836
1781628240000,1.39837,1.39851,1.39835,1.39847
1781628300000,1.39848,1.39857,1.39846,1.39854
1781628360000,1.39852,1.39857,1.39848,1.39852
1781628420000,1.39853,1.39856,1.39845,1.39847
1781628480000,1.39844,1.39859,1.39844,1.39856
1781628540000,1.39856,1.39867,1.39856,1.39867
1781628600000,1.39867,1.39876,1.39863,1.39874
1781628660000,1.39875,1.39881,1.39873,1.39873
1781628720000,1.39874,1.39879,1.39851,1.39851
1781628780000,1.39852,1.39856,1.39839,1.39841
1781628840000,1.39838,1.39842,1.3983,1.39836
1781628900000,1.39835,1.39841,1.39832,1.39833
1781628960000,1.39834,1.39835,1.39829,1.39835
1781629020000,1.39835,1.39841,1.39827,1.39832
1781629080000,1.39833,1.39835,1.39828,1.39829
1781629140000,1.39831,1.39853,1.39829,1.39853
1781629200000,1.39854,1.39857,1.39851,1.39857
1781629260000,1.39857,1.39863,1.39853,1.39858
1781629320000,1.39856,1.39858,1.39851,1.39854
1781629380000,1.39854,1.39857,1.39846,1.39851
1781629440000,1.3985,1.39857,1.39846,1.39855
1781629500000,1.39854,1.3986,1.39854,1.3986
1781629560000,1.39861,1.39864,1.39853,1.39864
1781629620000,1.39866,1.39867,1.39862,1.39867
1781629680000,1.39864,1.39867,1.39853,1.39854
1781629740000,1.39855,1.39855,1.39844,1.39844
1781629800000,1.39844,1.39844,1.3984,1.39842
1781629860000,1.39842,1.39845,1.39836,1.39837
1781629920000,1.39837,1.39841,1.39836,1.39837
1781629980000,1.39838,1.39843,1.39837,1.3984
1781630040000,1.3984,1.39843,1.39838,1.39842
1781630100000,1.39841,1.39844,1.39838,1.39844
1781630160000,1.39846,1.39848,1.39841,1.39842
1781630220000,1.39842,1.39844,1.39837,1.39838
1781630280000,1.39839,1.39855,1.39838,1.39855
1781630340000,1.39856,1.39864,1.39854,1.39863
1781630400000,1.39863,1.39887,1.39862,1.39885
1781630460000,1.39884,1.39885,1.39869,1.3987
1781630520000,1.3987,1.39873,1.39867,1.39873
1781630580000,1.39872,1.39891,1.39872,1.39888
1781630640000,1.39888,1.39889,1.39882,1.39884
1781630700000,1.39886,1.39895,1.39886,1.3989
1781630760000,1.39892,1.39892,1.39878,1.39883
1781630820000,1.39884,1.39895,1.39884,1.39892
1781630880000,1.3989,1.39894,1.39884,1.39889
1781630940000,1.39888,1.39904,1.39885,1.39903
1781631000000,1.39903,1.39914,1.399,1.39913
1781631060000,1.39913,1.39918,1.39907,1.39915
1781631120000,1.39917,1.39924,1.39917,1.39923
1781631180000,1.39922,1.39931,1.39919,1.39923
1781631240000,1.39925,1.39933,1.39925,1.39926
1781631300000,1.39926,1.39931,1.39918,1.3992
1781631360000,1.3992,1.39926,1.39919,1.39923
1781631420000,1.39924,1.39952,1.39924,1.39935
1781631480000,1.39934,1.39935,1.39931,1.39934
1781631540000,1.39934,1.39943,1.39931,1.39936
1781631600000,1.39937,1.39945,1.39935,1.39938
1781631660000,1.3994,1.39943,1.39933,1.39936
1781631720000,1.39937,1.39942,1.39931,1.39931
1781631780000,1.39932,1.39945,1.39929,1.39929
1781631840000,1.39931,1.39935,1.39922,1.39935
1781631900000,1.39935,1.39941,1.39934,1.39941
1781631960000,1.39941,1.3995,1.39941,1.39948
1781632020000,1.39947,1.39948,1.39939,1.39939
1781632080000,1.39938,1.39943,1.39933,1.39943
1781632140000,1.39943,1.39944,1.39931,1.39935
1781632200000,1.39933,1.39941,1.39932,1.39935
1781632260000,1.39935,1.39935,1.39932,1.39935
1781632320000,1.39935,1.39941,1.39933,1.39934
1781632380000,1.39933,1.39936,1.39932,1.39936
1781632440000,1.39934,1.39939,1.39933,1.39939
1781632500000,1.39936,1.39942,1.39936,1.39941
1781632560000,1.39941,1.39945,1.39939,1.39943
1781632620000,1.39943,1.39951,1.39943,1.39947
1781632680000,1.39946,1.39948,1.39943,1.39945
1781632740000,1.39946,1.39948,1.39942,1.39942
1781632800000,1.39943,1.39946,1.39931,1.39933
1781632860000,1.39934,1.39943,1.39933,1.3994
1781632920000,1.39939,1.39939,1.39931,1.39933
1781632980000,1.39931,1.39932,1.39921,1.39925
1781633040000,1.39926,1.39928,1.39923,1.39926
1781633100000,1.3993,1.39943,1.39929,1.39935
1781633160000,1.39937,1.39942,1.39936,1.39937
1781633220000,1.39937,1.3994,1.39935,1.39937
1781633280000,1.39941,1.39945,1.39936,1.39945
1781633340000,1.39944,1.39945,1.39935,1.39937
1781633400000,1.39936,1.39936,1.3993,1.39936
1781633460000,1.39934,1.39937,1.39932,1.39934
1781633520000,1.39933,1.39935,1.39929,1.39934
1781633580000,1.39935,1.39936,1.39933,1.39934
1781633640000,1.39931,1.39935,1.39927,1.39934
1781633700000,1.39935,1.39943,1.39935,1.39938
1781633760000,1.39936,1.3994,1.39934,1.39937
1781633820000,1.39937,1.39941,1.39935,1.39941
1781633880000,1.39939,1.39945,1.39939,1.39944
1781633940000,1.39944,1.39954,1.39941,1.39942
1781634000000,1.39944,1.39945,1.39943,1.39944
1781634060000,1.39945,1.39945,1.39931,1.39932
1781634120000,1.39933,1.39936,1.39932,1.39933
1781634180000,1.39933,1.39934,1.39927,1.39927
1781634240000,1.3993,1.39935,1.39929,1.39934
1781634300000,1.39935,1.39935,1.39922,1.39922
1781634360000,1.39924,1.39927,1.39921,1.39924
1781634420000,1.39923,1.39925,1.39918,1.39924
1781634480000,1.39925,1.39928,1.39924,1.39925
1781634540000,1.39924,1.39924,1.39917,1.39917
1781634600000,1.39917,1.39921,1.39917,1.39917
1781634660000,1.39917,1.39918,1.39914,1.39916
1781634720000,1.39916,1.39919,1.39915,1.39917
1781634780000,1.39917,1.3992,1.39915,1.39915
1781634840000,1.39917,1.39925,1.39917,1.39922
1781634900000,1.39924,1.39926,1.39919,1.39919
1781634960000,1.39918,1.3992,1.39914,1.39914
1781635020000,1.39915,1.39918,1.39914,1.39916
1781635080000,1.39916,1.39916,1.39914,1.39915
1781635140000,1.39915,1.39922,1.39915,1.39921
1781635200000,1.39923,1.39929,1.39921,1.39924
1781635260000,1.39924,1.39924,1.39918,1.39918
1781635320000,1.39919,1.3992,1.39918,1.39918
1781635380000,1.39919,1.39934,1.39919,1.39933
1781635440000,1.39934,1.39934,1.39928,1.39929
1781635500000,1.39929,1.39938,1.39928,1.39933
1781635560000,1.39936,1.39936,1.39926,1.39929
1781635620000,1.39929,1.3993,1.39925,1.39927
1781635680000,1.39929,1.39931,1.39927,1.39927
1781635740000,1.39928,1.39937,1.39928,1.39931
1781635800000,1.39931,1.39934,1.3992,1.39921
1781635860000,1.39919,1.39925,1.39919,1.39922
1781635920000,1.39922,1.39926,1.3992,1.3992
1781635980000,1.39921,1.39923,1.3992,1.3992
1781636040000,1.39921,1.39923,1.39914,1.39916
1781636100000,1.39915,1.39919,1.39915,1.39919
1781636160000,1.39919,1.39929,1.39915,1.39921
1781636220000,1.3992,1.39927,1.39919,1.39924
1781636280000,1.39925,1.39926,1.39919,1.39924
1781636340000,1.39925,1.39925,1.3992,1.39924
1781636400000,1.39923,1.39924,1.39912,1.39913
1781636460000,1.39913,1.39916,1.39909,1.39911
1781636520000,1.39912,1.39919,1.39912,1.39918
1781636580000,1.39918,1.39919,1.39905,1.39907
1781636640000,1.39906,1.39908,1.39903,1.39905
1781636700000,1.39906,1.39907,1.39903,1.39905
1781636760000,1.39904,1.39906,1.39902,1.39903
1781636820000,1.39903,1.39907,1.39902,1.39906
1781636880000,1.39904,1.39911,1.39904,1.39911
1781636940000,1.39911,1.39915,1.39907,1.39911
1781637000000,1.3991,1.39911,1.39907,1.39908
1781637060000,1.39908,1.39911,1.39906,1.39909
1781637120000,1.39909,1.3991,1.39906,1.39908
1781637180000,1.39908,1.39911,1.39908,1.39908
1781637240000,1.39908,1.39914,1.39908,1.3991
1781637300000,1.39909,1.39911,1.39904,1.39904
1781637360000,1.39905,1.39907,1.39903,1.39904
1781637420000,1.39905,1.39907,1.39903,1.39904
1781637480000,1.39904,1.39907,1.39903,1.39904
1781637540000,1.39904,1.39906,1.39903,1.39903
1781637600000,1.39903,1.39906,1.39903,1.39903
1781637660000,1.39903,1.39903,1.39882,1.39901
1781637720000,1.39901,1.39904,1.39899,1.39902
1781637780000,1.39903,1.39906,1.39899,1.39901
1781637840000,1.39902,1.39903,1.39899,1.39899
1781637900000,1.39899,1.39902,1.39895,1.39897
1781637960000,1.39895,1.39898,1.3989,1.39898
1781638020000,1.399,1.39901,1.39896,1.39899
1781638080000,1.39901,1.39903,1.39901,1.39902
1781638140000,1.39902,1.39902,1.39899,1.39901
1781638200000,1.39903,1.39912,1.39903,1.39907
1781638260000,1.39907,1.39911,1.39906,1.39909
1781638320000,1.39908,1.39914,1.39908,1.39912
1781638380000,1.39915,1.39924,1.39915,1.3992
1781638440000,1.39922,1.39925,1.39917,1.39917
1781638500000,1.39916,1.39919,1.39912,1.39919
1781638560000,1.3992,1.39927,1.3992,1.39924
1781638620000,1.39925,1.39932,1.39923,1.39932
1781638680000,1.39934,1.39954,1.39934,1.39953
1781638740000,1.39951,1.39951,1.39948,1.39948
1781638800000,1.3995,1.39951,1.39946,1.39949
1781638860000,1.39949,1.39949,1.39945,1.39947
1781638920000,1.39948,1.39952,1.39945,1.39945
1781638980000,1.39947,1.39948,1.39946,1.39946
1781639040000,1.39945,1.39954,1.39945,1.39953
1781639100000,1.39952,1.39954,1.39949,1.3995
1781639160000,1.3995,1.39954,1.3995,1.3995
1781639220000,1.39949,1.39951,1.39948,1.39949
1781639280000,1.39951,1.3996,1.39951,1.3996
1781639340000,1.39961,1.39964,1.39953,1.39954
1781639400000,1.39953,1.39972,1.39948,1.39972
1781639460000,1.39972,1.39972,1.39969,1.39969
1781639520000,1.39968,1.39972,1.39966,1.39971
1781639580000,1.39969,1.3997,1.39962,1.39968
1781639640000,1.3997,1.39971,1.39963,1.39967
1781639700000,1.39969,1.39983,1.39969,1.39977
1781639760000,1.39979,1.39983,1.39965,1.39965
1781639820000,1.39965,1.39974,1.39963,1.39974
1781639880000,1.39976,1.39979,1.39969,1.39977
1781639940000,1.39978,1.39991,1.39974,1.39987
1781640000000,1.39987,1.4,1.39984,1.39984
1781640060000,1.39986,1.39991,1.39986,1.3999
1781640120000,1.3999,1.39995,1.39985,1.39994
1781640180000,1.39993,1.39994,1.39987,1.39994
1781640240000,1.39995,1.39995,1.39991,1.39991
1781640300000,1.3999,1.39997,1.39988,1.39997
1781640360000,1.39997,1.39997,1.39989,1.39989
1781640420000,1.3999,1.39991,1.39986,1.39989
1781640480000,1.39989,1.39991,1.39972,1.39972
1781640540000,1.39972,1.39973,1.39964,1.3997
1781640600000,1.39971,1.39978,1.3997,1.3997
1781640660000,1.39969,1.39972,1.39967,1.39967
1781640720000,1.39969,1.3997,1.39967,1.39969
1781640780000,1.39968,1.39968,1.39958,1.39959
1781640840000,1.3996,1.39961,1.39956,1.39956
1781640900000,1.39957,1.39957,1.3995,1.39951
1781640960000,1.3995,1.39951,1.39938,1.39938
1781641020000,1.3994,1.39942,1.39939,1.39942
1781641080000,1.39943,1.39943,1.3994,1.3994
1781641140000,1.3994,1.3994,1.39938,1.39938
1781641200000,1.39939,1.39943,1.39938,1.39941
1781641260000,1.39941,1.39942,1.3994,1.39941
1781641320000,1.3994,1.39945,1.3994,1.39942
1781641380000,1.39943,1.39943,1.39941,1.39941
1781641440000,1.39941,1.39942,1.3994,1.39942
1781641500000,1.39943,1.39944,1.39938,1.39938
1781641560000,1.39936,1.39942,1.39932,1.39933
1781641620000,1.39935,1.3994,1.39929,1.3994
1781641680000,1.39941,1.39942,1.39938,1.39942
1781641740000,1.39942,1.39943,1.3994,1.39942
1781641800000,1.39944,1.39961,1.39943,1.3996
1781641860000,1.3996,1.39972,1.3996,1.39971
1781641920000,1.39972,1.4,1.39971,1.4
1781641980000,1.39999,1.40007,1.39999,1.40003
1781642040000,1.40002,1.40017,1.39999,1.4
1781642100000,1.4001,1.40015,1.4001,1.40011
1781642160000,1.4001,1.40013,1.40002,1.40012
1781642220000,1.40013,1.40023,1.40012,1.40022
1781642280000,1.40022,1.40022,1.4002,1.4002
1781642340000,1.40021,1.40021,1.40014,1.40014
1781642400000,1.40016,1.40017,1.40016,1.40017
1781642460000,1.40015,1.40017,1.40008,1.40016
1781642520000,1.40016,1.40016,1.40007,1.40008
1781642580000,1.40007,1.4001,1.40007,1.40009
1781642640000,1.40009,1.40012,1.40004,1.40004
1781642700000,1.40004,1.40007,1.39977,1.39988
1781642760000,1.39989,1.39992,1.39982,1.39982
1781642820000,1.39983,1.39983,1.39982,1.39983
1781642880000,1.39987,1.39994,1.39985,1.39988
1781642940000,1.3999,1.3999,1.39975,1.39976
1781643000000,1.39977,1.39977,1.39967,1.39967
1781643060000,1.39966,1.39969,1.39958,1.39959
1781643120000,1.3996,1.3996,1.39948,1.39953
1781643180000,1.39954,1.39955,1.39948,1.39955
1781643240000,1.39954,1.39954,1.39947,1.39947
1781643300000,1.39947,1.39948,1.39944,1.39945
1781643360000,1.39945,1.39945,1.39943,1.39943
1781643420000,1.39946,1.39946,1.39941,1.39943
1781643480000,1.39946,1.39948,1.39939,1.39941
1781643540000,1.39938,1.39947,1.39938,1.39945
1781643600000,1.39907,1.39908,1.39907,1.39908
1781643660000,1.39908,1.39908,1.39908,1.39908
1781643720000,1.3993,1.3993,1.3993,1.3993
1781643780000,1.3993,1.3993,1.3993,1.3993
1781643840000,1.39871,1.39871,1.39871,1.39871
1781643900000,1.39866,1.39906,1.39866,1.39906
1781643960000,1.39906,1.39906,1.39891,1.39891
1781644020000,1.39891,1.39891,1.39891,1.39891
1781644080000,1.39892,1.39893,1.39892,1.39892
1781644140000,1.39893,1.39896,1.3987,1.3987
1781644200000,1.39886,1.39907,1.39867,1.39907
1781644260000,1.39907,1.39907,1.39883,1.39883
1781644320000,1.39883,1.39887,1.39883,1.39884
1781644380000,1.39906,1.39906,1.39904,1.39904
1781644440000,1.39904,1.39904,1.39881,1.39883
1781644500000,1.39883,1.39909,1.39883,1.39904
1781644560000,1.39884,1.39886,1.39884,1.39885
1781644620000,1.39885,1.39886,1.39885,1.39886
1781644680000,1.39908,1.39908,1.39886,1.39886
1781644740000,1.39885,1.39905,1.39885,1.39905
1781644800000,1.39905,1.39906,1.39899,1.39899
1781644860000,1.39905,1.3992,1.39905,1.39905
1781644920000,1.39909,1.39909,1.39905,1.39909
1781644980000,1.39909,1.39909,1.39899,1.39899
1781645040000,1.39899,1.399,1.39899,1.39899
1781645100000,1.39899,1.39899,1.39899,1.39899
1781645160000,1.3989,1.39895,1.3989,1.39895
1781645220000,1.39906,1.39909,1.39906,1.39909
1781645280000,1.39907,1.3991,1.39907,1.3991
1781645340000,1.39909,1.39909,1.39895,1.39899
1781645400000,1.39897,1.39915,1.39895,1.39914
1781645460000,1.39913,1.39939,1.39913,1.39936
1781645520000,1.39935,1.39937,1.39935,1.39935
1781645580000,1.39932,1.39932,1.39905,1.39914
1781645640000,1.39922,1.39938,1.3992,1.39933
1781645700000,1.39939,1.3994,1.39905,1.39926
1781645760000,1.39927,1.39929,1.39923,1.39926
1781645820000,1.39927,1.39927,1.39914,1.39925
1781645880000,1.39925,1.39926,1.39913,1.39922
1781645940000,1.39919,1.39921,1.39916,1.3992
1781646000000,1.39922,1.39922,1.39907,1.39907
1781646060000,1.39907,1.39935,1.39907,1.39931
1781646120000,1.39932,1.39938,1.39884,1.39884
1781646180000,1.39883,1.39914,1.39883,1.39913
1781646240000,1.399,1.39916,1.39887,1.39916
1781646300000,1.39916,1.39917,1.39903,1.39916
1781646360000,1.39914,1.39917,1.39891,1.39892
1781646420000,1.3989,1.39915,1.39889,1.39915
1781646480000,1.39913,1.39915,1.39911,1.39911
1781646540000,1.3991,1.39916,1.39906,1.39915
1781646600000,1.39912,1.39915,1.39912,1.39915
1781646660000,1.39912,1.39915,1.399,1.39911
1781646720000,1.39911,1.39912,1.39908,1.39909
1781646780000,1.39912,1.39912,1.39902,1.3991
1781646840000,1.3991,1.39912,1.3991,1.3991
1781646900000,1.39907,1.39907,1.39879,1.39886
1781646960000,1.39885,1.399,1.39878,1.39885
1781647020000,1.39885,1.39915,1.39885,1.39899
1781647080000,1.39898,1.39902,1.39894,1.39894
1781647140000,1.39908,1.39908,1.39904,1.39904
1781647200000,1.39904,1.39918,1.39896,1.39918
1781647260000,1.39917,1.3992,1.39917,1.3992
1781647320000,1.39919,1.39922,1.39916,1.39916
1781647380000,1.39916,1.39921,1.39916,1.39917
1781647440000,1.39917,1.39921,1.39916,1.3992
1781647500000,1.39919,1.39921,1.39914,1.39919
1781647560000,1.3992,1.39929,1.39917,1.39918
1781647620000,1.39918,1.39926,1.39918,1.39926
1781647680000,1.39926,1.39928,1.39924,1.39928
1781647740000,1.39928,1.39931,1.39927,1.39928
1781647800000,1.39928,1.3993,1.39922,1.39922
1781647860000,1.39919,1.3992,1.39916,1.39918
1781647920000,1.39919,1.39924,1.39916,1.3992
1781647980000,1.39917,1.39924,1.39917,1.39924
1781648040000,1.39922,1.39925,1.39915,1.39915
1781648100000,1.39915,1.39917,1.39913,1.39915
1781648160000,1.39916,1.39917,1.39914,1.39917
1781648220000,1.39917,1.39918,1.39916,1.39917
1781648280000,1.39917,1.39922,1.39917,1.39921
1781648340000,1.3992,1.39922,1.3992,1.39922
1781648400000,1.39919,1.39921,1.39919,1.3992
1781648460000,1.39922,1.39922,1.39917,1.39917
1781648520000,1.39917,1.39918,1.39916,1.39917
1781648580000,1.39918,1.39919,1.39916,1.39916
1781648640000,1.39916,1.39919,1.39914,1.39916
1781648700000,1.39916,1.39918,1.39914,1.39917
1781648760000,1.39919,1.39919,1.39915,1.39917
1781648820000,1.39916,1.39922,1.39916,1.3992
1781648880000,1.39918,1.39924,1.39918,1.39922
1781648940000,1.39923,1.39923,1.3992,1.39921
1781649000000,1.39922,1.39925,1.39921,1.39924
1781649060000,1.39924,1.39924,1.39921,1.39923
1781649120000,1.3992,1.39923,1.3992,1.39922
1781649180000,1.39923,1.39923,1.39918,1.39918
1781649240000,1.39918,1.39921,1.39917,1.39921
1781649300000,1.3992,1.39921,1.39918,1.3992
1781649360000,1.3992,1.39922,1.39918,1.39921
1781649420000,1.39922,1.39922,1.39918,1.39921
1781649480000,1.39921,1.39922,1.39918,1.3992
1781649540000,1.39919,1.39922,1.39919,1.39921
1781649600000,1.39922,1.39922,1.3992,1.39921
1781649660000,1.39922,1.39922,1.39919,1.3992
1781649720000,1.39918,1.39921,1.39918,1.39921
1781649780000,1.39921,1.39921,1.39919,1.3992
1781649840000,1.3992,1.39925,1.3992,1.39921
1781649900000,1.39922,1.39923,1.39921,1.39922
1781649960000,1.3992,1.39921,1.39919,1.3992
1781650020000,1.39922,1.39922,1.39918,1.39918
1781650080000,1.39919,1.3992,1.39917,1.39918
1781650140000,1.39919,1.3992,1.39917,1.39919
1781650200000,1.39918,1.3992,1.39918,1.39919
1781650260000,1.39919,1.39921,1.39919,1.39919
1781650320000,1.3992,1.3992,1.39918,1.39919
1781650380000,1.3992,1.39921,1.39919,1.39919
1781650440000,1.39921,1.39922,1.3992,1.39922
1781650500000,1.39922,1.39922,1.3992,1.39921
1781650560000,1.39923,1.39925,1.39921,1.39925
1781650620000,1.39925,1.39925,1.39922,1.39924
1781650680000,1.39924,1.39924,1.39919,1.39921
1781650740000,1.39921,1.39921,1.39919,1.39919
1781650800000,1.39921,1.39922,1.39919,1.3992
1781650860000,1.39921,1.39923,1.39921,1.39922
1781650920000,1.39921,1.39923,1.3992,1.3992
1781650980000,1.39922,1.39924,1.39921,1.39922
1781651040000,1.39921,1.39923,1.3992,1.39922
1781651100000,1.39921,1.39923,1.3992,1.39921
1781651160000,1.3992,1.39921,1.39919,1.39919
1781651220000,1.39918,1.3992,1.39917,1.39918
1781651280000,1.39919,1.3992,1.39918,1.3992
1781651340000,1.39919,1.39921,1.39919,1.39919
1781651400000,1.39923,1.39925,1.39922,1.39925
1781651460000,1.39925,1.39926,1.39922,1.39922
1781651520000,1.39922,1.39922,1.39922,1.39922
1781651580000,1.39918,1.39924,1.39917,1.39924
1781651640000,1.39924,1.39924,1.39922,1.39922
1781651700000,1.39924,1.39924,1.39923,1.39924
1781651760000,1.39922,1.39922,1.3992,1.3992
1781651820000,1.3992,1.3992,1.3992,1.3992
1781651880000,1.39921,1.39923,1.39921,1.39923
1781651940000,1.39921,1.39922,1.3992,1.3992
1781652000000,1.39919,1.39921,1.39919,1.39921
1781652060000,1.39921,1.39921,1.3992,1.39921
1781652120000,1.3992,1.39922,1.3992,1.39922
1781652180000,1.39923,1.39923,1.3992,1.3992
1781652240000,1.3992,1.3992,1.39914,1.39914
1781652300000,1.39913,1.39915,1.39913,1.39915
1781652360000,1.39913,1.39913,1.39911,1.39911
1781652420000,1.3991,1.39914,1.3991,1.39914
1781652480000,1.39915,1.39915,1.39911,1.39912
1781652540000,1.39911,1.39931,1.39911,1.39927
1781652600000,1.39927,1.39927,1.39922,1.39926
1781652660000,1.39925,1.39925,1.39924,1.39924
1781652720000,1.39924,1.39925,1.39924,1.39924
1781652780000,1.39924,1.39935,1.39924,1.39935
1781652840000,1.39934,1.39936,1.39931,1.39933
1781652900000,1.39934,1.39935,1.39934,1.39934
1781652960000,1.39935,1.39935,1.39932,1.39933
1781653020000,1.39934,1.39934,1.39932,1.39933
1781653080000,1.39933,1.39935,1.39933,1.39935
1781653140000,1.39934,1.39935,1.39934,1.39935
1781653200000,1.39934,1.39934,1.39933,1.39933
1781653260000,1.39934,1.39934,1.39931,1.39932
1781653320000,1.39933,1.39933,1.39928,1.39929
1781653380000,1.39929,1.39929,1.39928,1.39928
1781653440000,1.39928,1.39929,1.39927,1.39928
1781653500000,1.39928,1.3993,1.39927,1.39929
1781653560000,1.39929,1.39936,1.39928,1.39933
1781653620000,1.39933,1.39939,1.39929,1.39939
1781653680000,1.39937,1.3994,1.39937,1.39939
1781653740000,1.39939,1.39943,1.39938,1.39941
1781653800000,1.39941,1.39954,1.39941,1.39953
1781653860000,1.39953,1.39954,1.39952,1.39953
1781653920000,1.39953,1.39955,1.39952,1.39954
1781653980000,1.39953,1.39959,1.39952,1.39955
1781654040000,1.39956,1.39957,1.39953,1.39954
1781654100000,1.39953,1.3996,1.39953,1.39959
1781654160000,1.3996,1.39963,1.39959,1.39962
1781654220000,1.39963,1.39967,1.39962,1.39966
1781654280000,1.39967,1.39967,1.39963,1.39964
1781654340000,1.39963,1.39965,1.39962,1.39963
1781654400000,1.39964,1.39981,1.39961,1.39978
1781654460000,1.39979,1.3998,1.39963,1.39966
1781654520000,1.39963,1.39973,1.39963,1.39972
1781654580000,1.39973,1.39976,1.39963,1.39965
1781654640000,1.39965,1.39968,1.39961,1.39961
1781654700000,1.39961,1.3997,1.39961,1.39964
1781654760000,1.39965,1.39965,1.39953,1.39956
1781654820000,1.39956,1.39956,1.3995,1.39954
1781654880000,1.39953,1.39955,1.39952,1.39954
1781654940000,1.39954,1.39956,1.39952,1.39954
1781655000000,1.39955,1.39956,1.39951,1.39954
1781655060000,1.39953,1.39956,1.39952,1.39955
1781655120000,1.39955,1.39961,1.39955,1.39955
1781655180000,1.39952,1.39956,1.39951,1.39955
1781655240000,1.39955,1.39959,1.39949,1.39954
1781655300000,1.39953,1.39956,1.39951,1.39954
1781655360000,1.39952,1.39954,1.39949,1.39952
1781655420000,1.39952,1.39953,1.3995,1.3995
1781655480000,1.3995,1.39953,1.39949,1.39952
1781655540000,1.39954,1.39955,1.39932,1.39932
1781655600000,1.39932,1.39934,1.39923,1.39928
1781655660000,1.39928,1.39932,1.39927,1.3993
1781655720000,1.3993,1.3993,1.39928,1.3993
1781655780000,1.39934,1.39934,1.39931,1.39933
1781655840000,1.39933,1.39934,1.39929,1.39931
1781655900000,1.3993,1.39932,1.39929,1.3993
1781655960000,1.3993,1.39932,1.3992,1.3992
1781656020000,1.3992,1.3992,1.39911,1.39913
1781656080000,1.39914,1.39914,1.3991,1.3991
1781656140000,1.39909,1.39913,1.39907,1.3991
1781656200000,1.3991,1.39919,1.39909,1.39918
1781656260000,1.39919,1.3992,1.39904,1.39908
1781656320000,1.39911,1.39925,1.39911,1.39924
1781656380000,1.39923,1.39925,1.39919,1.39921
1781656440000,1.39921,1.39923,1.39918,1.39919
1781656500000,1.39918,1.39921,1.39918,1.3992
1781656560000,1.39919,1.3992,1.39918,1.39918
1781656620000,1.39919,1.3992,1.39909,1.39912
1781656680000,1.39912,1.39916,1.39909,1.39911
1781656740000,1.39911,1.3992,1.39911,1.39917
1781656800000,1.39917,1.39918,1.39906,1.39909
1781656860000,1.39909,1.39915,1.39908,1.39908
1781656920000,1.39908,1.39911,1.39908,1.39908
1781656980000,1.39908,1.3991,1.399,1.39901
1781657040000,1.39901,1.39916,1.39901,1.39915
1781657100000,1.39914,1.39923,1.39913,1.39919
1781657160000,1.3992,1.39923,1.39918,1.39919
1781657220000,1.39919,1.39921,1.39918,1.39921
1781657280000,1.3992,1.3992,1.39917,1.39919
1781657340000,1.39918,1.39928,1.39918,1.39928
1781657400000,1.3993,1.39934,1.3993,1.39933
1781657460000,1.39932,1.39935,1.3993,1.39933
1781657520000,1.39932,1.39933,1.39928,1.39928
1781657580000,1.39928,1.39929,1.39919,1.39928
1781657640000,1.39927,1.39935,1.39927,1.3993
1781657700000,1.39931,1.39931,1.39922,1.39925
1781657760000,1.39926,1.39927,1.39923,1.39927
1781657820000,1.39925,1.3993,1.39925,1.39929
1781657880000,1.39929,1.39931,1.39924,1.39925
1781657940000,1.39925,1.39925,1.3992,1.39925
1781658000000,1.39925,1.39935,1.39922,1.39933
1781658060000,1.39932,1.39939,1.39931,1.39939
1781658120000,1.39937,1.39937,1.39931,1.39937
1781658180000,1.39936,1.39941,1.39931,1.3994
1781658240000,1.3994,1.39941,1.3993,1.39933
1781658300000,1.39933,1.39945,1.39932,1.39939
1781658360000,1.3994,1.39943,1.39931,1.39931
1781658420000,1.39932,1.39932,1.39922,1.39928
1781658480000,1.3993,1.3993,1.39922,1.39924
1781658540000,1.39923,1.39935,1.39921,1.39935
1781658600000,1.39934,1.3994,1.39932,1.39939
1781658660000,1.39937,1.39939,1.39934,1.39935
1781658720000,1.39934,1.3994,1.39934,1.39938
1781658780000,1.39939,1.39942,1.39936,1.39941
1781658840000,1.39942,1.39947,1.3994,1.39946
1781658900000,1.39946,1.39951,1.39946,1.39948
1781658960000,1.39947,1.3995,1.39947,1.3995
1781659020000,1.39951,1.39955,1.39943,1.39943
1781659080000,1.39942,1.39943,1.39941,1.39942
1781659140000,1.39944,1.39949,1.39943,1.39946
1781659200000,1.39945,1.39949,1.39937,1.39937
1781659260000,1.39939,1.39943,1.39934,1.39938
1781659320000,1.3994,1.39943,1.3994,1.3994
1781659380000,1.39941,1.3995,1.3994,1.39946
1781659440000,1.39948,1.39962,1.39948,1.39958
1781659500000,1.39955,1.39958,1.39955,1.39956
1781659560000,1.39954,1.39956,1.39952,1.39955
1781659620000,1.39956,1.39956,1.3995,1.3995
1781659680000,1.3995,1.39951,1.39949,1.39951
1781659740000,1.39951,1.39962,1.39951,1.39962
1781659800000,1.39961,1.39976,1.39961,1.39973
1781659860000,1.39973,1.39976,1.39971,1.39974
1781659920000,1.39975,1.39991,1.39975,1.39987
1781659980000,1.39986,1.39987,1.39984,1.39986
1781660040000,1.39987,1.39988,1.39985,1.39985
1781660100000,1.39985,1.39985,1.39974,1.39975
1781660160000,1.39973,1.39974,1.3997,1.39971
1781660220000,1.39971,1.39973,1.3997,1.39972
1781660280000,1.39972,1.39973,1.3997,1.3997
1781660340000,1.3997,1.39972,1.39968,1.39972
1781660400000,1.39972,1.39975,1.39969,1.39971
1781660460000,1.3997,1.39972,1.39962,1.39962
1781660520000,1.39962,1.39968,1.39959,1.39959
1781660580000,1.3996,1.39961,1.39951,1.39953
1781660640000,1.39954,1.39956,1.39953,1.39954
1781660700000,1.39955,1.39955,1.39949,1.3995
1781660760000,1.3995,1.39963,1.3995,1.3996
1781660820000,1.39959,1.39962,1.39953,1.39962
1781660880000,1.3996,1.39969,1.3996,1.39967
1781660940000,1.39967,1.39972,1.39966,1.39972
1781661000000,1.39971,1.39971,1.39967,1.39968
1781661060000,1.39967,1.39969,1.39967,1.39968
1781661120000,1.39967,1.3997,1.39967,1.39968
1781661180000,1.39969,1.39969,1.39966,1.39968
1781661240000,1.39969,1.39969,1.39965,1.39968
1781661300000,1.39969,1.39969,1.39962,1.39962
1781661360000,1.39962,1.39964,1.39959,1.39959
1781661420000,1.39958,1.39967,1.39958,1.39963
1781661480000,1.39963,1.39964,1.39958,1.3996
1781661540000,1.39961,1.39963,1.39961,1.39961
1781661600000,1.39963,1.39965,1.39959,1.39959
1781661660000,1.3996,1.39961,1.39952,1.3996
1781661720000,1.3996,1.39961,1.39956,1.39958
1781661780000,1.39959,1.39961,1.39956,1.3996
1781661840000,1.39961,1.39963,1.3996,1.39962
1781661900000,1.39961,1.39961,1.39954,1.39958
1781661960000,1.39957,1.39961,1.39957,1.39961
1781662020000,1.3996,1.3996,1.39957,1.39959
1781662080000,1.39962,1.39962,1.39957,1.39959
1781662140000,1.39959,1.39961,1.39958,1.39959
1781662200000,1.39958,1.39961,1.39958,1.39958
1781662260000,1.39959,1.3996,1.39953,1.39958
1781662320000,1.39958,1.39959,1.39957,1.39957
1781662380000,1.39957,1.39959,1.39955,1.39956
1781662440000,1.39956,1.39957,1.39952,1.39953
1781662500000,1.39954,1.3996,1.39953,1.39958
1781662560000,1.39957,1.3996,1.39957,1.39959
1781662620000,1.39959,1.39961,1.39958,1.39959
1781662680000,1.3996,1.39961,1.39958,1.39959
1781662740000,1.39959,1.3996,1.39959,1.3996
1781662800000,1.3996,1.39966,1.39948,1.39948
1781662860000,1.39949,1.39949,1.39941,1.39943
1781662920000,1.39944,1.39945,1.3994,1.39942
1781662980000,1.39943,1.39947,1.39942,1.39946
1781663040000,1.39946,1.39947,1.39942,1.39945
1781663100000,1.39944,1.39951,1.39943,1.39948
1781663160000,1.39947,1.39951,1.39947,1.39949
1781663220000,1.3995,1.39956,1.39948,1.39955
1781663280000,1.39955,1.39959,1.39955,1.39958
1781663340000,1.39959,1.39964,1.39959,1.39961
1781663400000,1.39962,1.39971,1.3996,1.3997
1781663460000,1.3997,1.39973,1.3997,1.3997
1781663520000,1.3997,1.39972,1.39969,1.39971
1781663580000,1.3997,1.39971,1.39966,1.3997
1781663640000,1.39969,1.39971,1.39967,1.39969
1781663700000,1.39969,1.39975,1.39968,1.39969
1781663760000,1.39968,1.39971,1.39967,1.3997
1781663820000,1.39969,1.39981,1.39969,1.39978
1781663880000,1.39979,1.39979,1.39972,1.39973
1781663940000,1.39972,1.39978,1.39971,1.39976
1781664000000,1.39976,1.39978,1.3997,1.39971
1781664060000,1.3997,1.39971,1.39968,1.39968
1781664120000,1.39968,1.39968,1.39966,1.39966
1781664180000,1.39967,1.3997,1.39966,1.3997
1781664240000,1.3997,1.3997,1.39968,1.3997
1781664300000,1.39972,1.39982,1.39968,1.39977
1781664360000,1.39979,1.39979,1.39977,1.39977
1781664420000,1.39978,1.39978,1.39973,1.39976
1781664480000,1.39978,1.39979,1.39977,1.39978
1781664540000,1.39977,1.39979,1.39975,1.39975
1781664600000,1.39976,1.39977,1.39971,1.39971
1781664660000,1.39971,1.39974,1.39971,1.39972
1781664720000,1.39972,1.39973,1.39971,1.39972
1781664780000,1.39973,1.39978,1.39971,1.39974
1781664840000,1.39973,1.39987,1.39972,1.39987
1781664900000,1.39987,1.39989,1.39977,1.39978
1781664960000,1.39976,1.39977,1.3997,1.39974
1781665020000,1.39976,1.39979,1.39972,1.39974
1781665080000,1.39975,1.39979,1.39971,1.39976
1781665140000,1.39976,1.39993,1.39976,1.39992
1781665200000,1.39994,1.39994,1.39978,1.39979
1781665260000,1.39979,1.39982,1.39976,1.39979
1781665320000,1.3998,1.39991,1.3998,1.3999
1781665380000,1.39991,1.39991,1.39988,1.39989
1781665440000,1.39989,1.39998,1.39989,1.39996
1781665500000,1.39997,1.39998,1.39989,1.39991
1781665560000,1.39992,1.39992,1.39982,1.39982
1781665620000,1.39982,1.39984,1.39982,1.39982
1781665680000,1.39982,1.39985,1.39981,1.39983
1781665740000,1.39983,1.39988,1.39979,1.39979
1781665800000,1.39979,1.39988,1.39979,1.39987
1781665860000,1.39985,1.39988,1.39984,1.39986
1781665920000,1.39986,1.39988,1.39986,1.39987
1781665980000,1.39989,1.39994,1.39986,1.39994
1781666040000,1.39994,1.39996,1.39986,1.39986
1781666100000,1.39988,1.39993,1.39987,1.39993
1781666160000,1.39993,1.40003,1.39993,1.39999
1781666220000,1.4,1.40006,1.39998,1.40004
1781666280000,1.40004,1.40007,1.39998,1.39999
1781666340000,1.4,1.40002,1.39997,1.40002
1781666400000,1.40002,1.40005,1.40001,1.40003
1781666460000,1.40003,1.40005,1.40001,1.40002
1781666520000,1.40005,1.40005,1.39998,1.39999
1781666580000,1.4,1.4,1.39996,1.39997
1781666640000,1.39997,1.39998,1.39994,1.39997
1781666700000,1.39996,1.39999,1.39996,1.39997
1781666760000,1.39995,1.39997,1.39995,1.39996
1781666820000,1.39996,1.39996,1.3999,1.39992
1781666880000,1.39993,1.39996,1.39993,1.39994
1781666940000,1.39994,1.39995,1.39991,1.39991
1781667000000,1.3999,1.39991,1.39988,1.39988
1781667060000,1.39987,1.3999,1.39986,1.39989
1781667120000,1.39988,1.39988,1.39982,1.39983
1781667180000,1.39983,1.39984,1.39982,1.39983
1781667240000,1.39981,1.39988,1.39981,1.39988
1781667300000,1.39987,1.39989,1.39981,1.39981
1781667360000,1.39984,1.39988,1.39982,1.39987
1781667420000,1.39988,1.39989,1.39987,1.39989
1781667480000,1.39988,1.3999,1.39987,1.39988
1781667540000,1.39989,1.39989,1.39987,1.39988
1781667600000,1.39988,1.3999,1.39986,1.39988
1781667660000,1.39991,1.39991,1.39986,1.39986
1781667720000,1.39985,1.39985,1.39981,1.39984
1781667780000,1.39987,1.39989,1.39986,1.39986
1781667840000,1.39986,1.3999,1.39986,1.39989
1781667900000,1.39989,1.39997,1.39989,1.39993
1781667960000,1.39993,1.39993,1.39992,1.39992
1781668020000,1.39999,1.39999,1.39996,1.39996
1781668080000,1.39998,1.39998,1.39992,1.39992
1781668140000,1.39994,1.39997,1.3999,1.39995
1781668200000,1.39995,1.39998,1.39995,1.39998
1781668260000,1.39998,1.39999,1.39997,1.39997
1781668320000,1.39998,1.39998,1.39994,1.39995
1781668380000,1.39994,1.39995,1.39992,1.39995
1781668440000,1.39994,1.39997,1.39992,1.39994
1781668500000,1.39996,1.4,1.39996,1.4
1781668620000,1.4,1.40007,1.39997,1.40006
1781668680000,1.40004,1.40006,1.40003,1.40006
1781668740000,1.40006,1.40014,1.40005,1.40012
1781668800000,1.40014,1.40014,1.40003,1.40003
1781668860000,1.40004,1.40006,1.40002,1.40006
1781668920000,1.40006,1.40006,1.39997,1.39998
1781668980000,1.39997,1.40001,1.39997,1.39998
1781669040000,1.39998,1.40001,1.39998,1.39998
1781669100000,1.39999,1.40002,1.39997,1.39999
1781669160000,1.4,1.40001,1.39993,1.4
1781669220000,1.39999,1.4,1.39996,1.39996
1781669280000,1.39997,1.39997,1.39996,1.39996
1781669340000,1.39997,1.39998,1.39992,1.39992
1781669400000,1.39991,1.39992,1.39986,1.39989
1781669460000,1.3999,1.39991,1.39984,1.39986
1781669520000,1.39986,1.39988,1.39985,1.39985
1781669580000,1.39986,1.39991,1.39985,1.3999
1781669640000,1.3999,1.39991,1.39987,1.3999
1781669700000,1.3999,1.39991,1.39982,1.39983
1781669760000,1.39983,1.39984,1.39982,1.39984
1781669820000,1.39984,1.39986,1.39983,1.39985
1781669880000,1.39986,1.39986,1.39983,1.39983
1781669940000,1.39982,1.39983,1.39977,1.39977
1781670000000,1.39979,1.39982,1.39978,1.39981
1781670060000,1.39981,1.39985,1.3998,1.39985
1781670120000,1.39985,1.39989,1.39984,1.39988
1781670180000,1.39989,1.39991,1.39988,1.3999
1781670240000,1.3999,1.3999,1.39987,1.39988
1781670300000,1.3999,1.39991,1.39988,1.39991
1781670360000,1.39992,1.39993,1.39987,1.39988
1781670420000,1.39988,1.39991,1.39987,1.39991
1781670480000,1.39988,1.39991,1.39988,1.3999
1781670540000,1.39991,1.39991,1.3999,1.39991
1781670600000,1.3999,1.3999,1.39987,1.39989
1781670660000,1.39989,1.39989,1.39982,1.39983
1781670720000,1.39982,1.39982,1.3998,1.3998
1781670780000,1.39979,1.39981,1.39977,1.39978
1781670840000,1.3998,1.39987,1.39978,1.39986
1781670900000,1.39986,1.39987,1.39982,1.39982
1781670960000,1.39984,1.39987,1.39984,1.39987
1781671020000,1.39989,1.3999,1.39988,1.3999
1781671080000,1.39991,1.39991,1.39988,1.39989
1781671140000,1.39987,1.39989,1.39986,1.39989
1781671200000,1.39989,1.39991,1.39986,1.39987
1781671260000,1.39987,1.3999,1.39986,1.39986
1781671320000,1.39986,1.39987,1.3998,1.39982
1781671380000,1.39982,1.39984,1.39981,1.39982
1781671440000,1.39981,1.39984,1.39981,1.39982
1781671500000,1.39983,1.39984,1.39981,1.39981
1781671560000,1.39982,1.39984,1.39979,1.3998
1781671620000,1.39979,1.3998,1.39974,1.39974
1781671680000,1.39975,1.39979,1.39975,1.39978
1781671740000,1.39978,1.39981,1.39977,1.3998
1781671800000,1.39979,1.39982,1.39979,1.3998
1781671860000,1.39979,1.3998,1.39971,1.39973
1781671920000,1.39972,1.39975,1.3997,1.39971
1781671980000,1.39971,1.39972,1.39967,1.39969
1781672040000,1.39968,1.39969,1.39961,1.39963
1781672100000,1.39962,1.39965,1.3996,1.39964
1781672160000,1.39964,1.39969,1.39963,1.39968
1781672220000,1.39968,1.39971,1.39967,1.39969
1781672280000,1.39969,1.39972,1.39966,1.39967
1781672340000,1.39967,1.3997,1.39966,1.39968
1781672400000,1.39969,1.39971,1.39963,1.3997
1781672460000,1.39969,1.39969,1.39959,1.3996
1781672520000,1.39959,1.39961,1.39959,1.3996
1781672580000,1.39961,1.39961,1.39958,1.39958
1781672640000,1.39957,1.39963,1.39952,1.39962
1781672700000,1.39962,1.39967,1.3996,1.39967
1781672760000,1.39967,1.39968,1.39966,1.39967
1781672820000,1.39966,1.39966,1.39958,1.3996
1781672880000,1.39959,1.39967,1.39959,1.39967
1781672940000,1.39967,1.39974,1.39967,1.39974
1781673000000,1.39975,1.39977,1.39974,1.39977
1781673060000,1.39978,1.39978,1.39976,1.39977
1781673120000,1.39978,1.39978,1.39971,1.39976
1781673180000,1.39976,1.39977,1.39975,1.39976
1781673240000,1.39976,1.39978,1.39975,1.39976
1781673300000,1.39975,1.39976,1.39968,1.39968
1781673360000,1.39966,1.39968,1.39965,1.39966
1781673420000,1.39967,1.39967,1.3996,1.39966
1781673480000,1.39967,1.39968,1.39964,1.39964
1781673540000,1.39964,1.39967,1.39964,1.39967
1781673600000,1.39965,1.39965,1.39959,1.39963
1781673660000,1.39962,1.39965,1.39958,1.39958
1781673720000,1.39958,1.39964,1.39957,1.39958
1781673780000,1.39957,1.39966,1.39957,1.39966
1781673840000,1.39967,1.39967,1.39965,1.39966
1781673900000,1.39968,1.39981,1.39968,1.39981
1781673960000,1.39979,1.39979,1.39976,1.39979
1781674020000,1.39979,1.39982,1.39977,1.39979
1781674080000,1.39978,1.39981,1.39978,1.39978
1781674140000,1.39978,1.3998,1.39977,1.39978
1781674200000,1.39977,1.39982,1.39976,1.39977
1781674260000,1.39977,1.3998,1.39971,1.39975
1781674320000,1.39975,1.39976,1.39972,1.39973
1781674380000,1.39973,1.39974,1.39969,1.39969
1781674440000,1.39972,1.39972,1.39968,1.39969
1781674500000,1.3997,1.3997,1.39967,1.39969
1781674560000,1.39968,1.39977,1.39968,1.39974
1781674620000,1.39974,1.39983,1.39974,1.39982
1781674680000,1.39983,1.39989,1.39981,1.39989
1781674740000,1.39987,1.3999,1.39986,1.39988
1781674800000,1.39989,1.3999,1.39988,1.39989
1781674860000,1.39988,1.39988,1.39971,1.39971
1781674920000,1.39971,1.39977,1.39971,1.39972
1781674980000,1.39973,1.39974,1.39969,1.39971
1781675040000,1.39971,1.39971,1.39971,1.39971
1781675160000,1.39971,1.39971,1.39971,1.39971
1781675220000,1.39971,1.39972,1.39969,1.3997
1781675280000,1.39971,1.39971,1.39966,1.39966
1781675340000,1.39968,1.3997,1.39968,1.39969
1781675400000,1.39969,1.39971,1.39968,1.39968
1781675460000,1.39968,1.39972,1.39968,1.39968
1781675520000,1.39969,1.39974,1.39968,1.3997
1781675580000,1.39969,1.3997,1.39959,1.39966
1781675640000,1.39967,1.39969,1.39962,1.39965
1781675700000,1.39966,1.39989,1.39965,1.39989
1781675760000,1.3999,1.39994,1.39981,1.39987
1781675820000,1.39986,1.39986,1.39977,1.39978
1781675880000,1.39978,1.39982,1.39978,1.39981
1781675940000,1.39981,1.39988,1.39976,1.39987
